collection,organism,gene,n_expressing,total,group,n_cells,pct_expressing,mean_all,mean_expressing
census_data,callithrix_jacchus,ADCY5,55858,767957.0,medium spiny neuron,58096,96.14775543927293,13.218758606444506,13.748379820258513
census_data,callithrix_jacchus,ADCY5,981,2055.0,L5 extratelencephalic projecting glutamatergic cortical neuron,1361,72.07935341660544,1.5099191770756797,2.09480122324159
census_data,callithrix_jacchus,ADCY5,3352,8877.0,GABAergic interneuron,5907,56.74623328254613,1.5027932960893855,2.6482696897374702
census_data,callithrix_jacchus,ADCY5,4299,8694.0,L6 intratelencephalic projecting glutamatergic neuron of the primary motor cortex,6284,68.41183959261616,1.3835136855506047,2.022330774598744
census_data,callithrix_jacchus,ADCY5,1796,3669.0,L6b glutamatergic cortical neuron,2654,67.67143933685004,1.3824415975885456,2.0428730512249444
census_data,callithrix_jacchus,ADCY5,3341,6547.0,L6 corticothalamic-projecting glutamatergic cortical neuron,4957,67.39963687714344,1.3207585233003833,1.9595929362466327
census_data,callithrix_jacchus,ADCY5,66415,138560.0,neuron,123290,53.86892692026928,1.123854327196042,2.0862756907325153
census_data,callithrix_jacchus,ADCY5,317,664.0,smooth muscle cell,647,48.99536321483771,1.026275115919629,2.0946372239747633
census_data,callithrix_jacchus,ADCY5,3570,6157.0,pvalb GABAergic cortical interneuron,6085,58.66885784716516,1.0118323746918652,1.7246498599439777
census_data,callithrix_jacchus,ADCY5,1334,2232.0,inhibitory interneuron,2471,53.98624038850668,0.9032780250910563,1.6731634182908546
census_data,callithrix_jacchus,ADCY5,3567,5835.0,VIP GABAergic cortical interneuron,6539,54.549625324973235,0.8923382780241628,1.6358284272497898
census_data,callithrix_jacchus,ADCY5,26478,43811.0,L2/3 intratelencephalic projecting glutamatergic neuron,50225,52.71876555500249,0.8722946739671479,1.654618928922124
census_data,callithrix_jacchus,ADCY5,1852,2984.0,lamp5 GABAergic cortical interneuron,3542,52.28684359119142,0.8424618859401468,1.611231101511879
census_data,callithrix_jacchus,ADCY5,248173,426624.0,glutamatergic neuron,549892,45.131225767968985,0.7758323452605239,1.7190588823119357
census_data,callithrix_jacchus,ADCY5,497,1176.0,vascular leptomeningeal cell,1564,31.77749360613811,0.7519181585677749,2.3661971830985915
census_data,callithrix_jacchus,ADCY5,797,1191.0,chandelier pvalb GABAergic cortical interneuron,1614,49.380421313506815,0.7379182156133829,1.4943538268506902
census_data,callithrix_jacchus,ADCY5,74788,122040.0,GABAergic neuron,173748,43.04394870732325,0.7023965743490572,1.631812590255121
census_data,callithrix_jacchus,ADCY5,3577,5554.0,sst GABAergic cortical interneuron,8297,43.11196818127034,0.6693985777992045,1.5526977914453453
census_data,callithrix_jacchus,ADCY5,99530,148444.0,oligodendrocyte,287281,34.64552128403897,0.5167205627939195,1.491449814126394
census_data,callithrix_jacchus,ADCY5,31789,56940.0,unknown,123404,25.76010502090694,0.4614112994716541,1.7911856302494573
census_data,callithrix_jacchus,ADCY5,1260,1629.0,oligodendrocyte precursor cell,4586,27.474923680767553,0.3552115133013519,1.292857142857143
census_data,callithrix_jacchus,ADCY5,1,1.0,B cell,6,16.666666666666668,0.16666666666666666,1.0
census_data,callithrix_jacchus,ADCY5,3509,6302.0,endothelial cell,41320,8.492255566311714,0.1525169409486931,1.7959532630379025
census_data,callithrix_jacchus,ADCY5,283,358.0,pericyte,2521,11.225704085680286,0.14200714002380008,1.265017667844523
census_data,callithrix_jacchus,ADCY5,16120,19417.0,astrocyte,165907,9.716286835395733,0.11703544757002417,1.204528535980149
census_data,callithrix_jacchus,ADCY5,19,21.0,erythroid lineage cell,233,8.15450643776824,0.09012875536480687,1.105263157894737
census_data,callithrix_jacchus,ADCY5,212,246.0,L5/6 near-projecting glutamatergic neuron of the primary motor cortex,2879,7.3636679402570335,0.08544633553317124,1.1603773584905661
census_data,callithrix_jacchus,ADCY5,3,3.0,myeloid cell,44,6.818181818181818,0.06818181818181818,1.0
census_data,callithrix_jacchus,ADCY5,9,10.0,macrophage,254,3.543307086614173,0.03937007874015748,1.1111111111111112
census_data,callithrix_jacchus,ADCY5,381,481.0,ependymal cell,19113,1.993407628315806,0.02516611730235965,1.26246719160105
census_data,callithrix_jacchus,ADCY5,2,2.0,T cell,113,1.7699115044247788,0.017699115044247787,1.0
census_data,callithrix_jacchus,ADCY5,374,393.0,microglial cell,57904,0.6458966565349544,0.006787095882840564,1.0508021390374331
census_data,callithrix_jacchus,ADORA1,3392,6879.0,L6 corticothalamic-projecting glutamatergic cortical neuron,4957,68.42848497074844,1.3877345168448658,2.028007075471698
census_data,callithrix_jacchus,ADORA1,1730,3081.0,L5/6 near-projecting glutamatergic neuron of the primary motor cortex,2879,60.09030913511636,1.0701632511288641,1.7809248554913295
census_data,callithrix_jacchus,ADORA1,3580,6286.0,L6 intratelencephalic projecting glutamatergic neuron of the primary motor cortex,6284,56.97008274984086,1.0003182686187142,1.7558659217877095
census_data,callithrix_jacchus,ADORA1,740,1227.0,L5 extratelencephalic projecting glutamatergic cortical neuron,1361,54.37178545187362,0.9015429831006613,1.6581081081081082
census_data,callithrix_jacchus,ADORA1,1366,2197.0,L6b glutamatergic cortical neuron,2654,51.46948003014318,0.8278070836473248,1.6083455344070279
census_data,callithrix_jacchus,ADORA1,22710,36118.0,L2/3 intratelencephalic projecting glutamatergic neuron,50225,45.2165256346441,0.7191239422598308,1.590400704535447
census_data,callithrix_jacchus,ADORA1,24123,38368.0,medium spiny neuron,58096,41.52265216193886,0.6604241255852382,1.590515275877793
census_data,callithrix_jacchus,ADORA1,1942,2755.0,oligodendrocyte precursor cell,4586,42.34627126035761,0.6007413868294811,1.4186405767250256
census_data,callithrix_jacchus,ADORA1,173009,263048.0,glutamatergic neuron,549892,31.462359881576745,0.4783630240119878,1.5204295730279929
census_data,callithrix_jacchus,ADORA1,31275,54574.0,unknown,123404,25.343586917766036,0.44223850118310587,1.7449720223820944
census_data,callithrix_jacchus,ADORA1,84263,114136.0,oligodendrocyte,287281,29.331212297367387,0.39729741959962545,1.3545209641242302
census_data,callithrix_jacchus,ADORA1,18960,30180.0,neuron,123290,15.378376186227593,0.24478870954659745,1.5917721518987342
census_data,callithrix_jacchus,ADORA1,653,1081.0,GABAergic interneuron,5907,11.054680887083121,0.1830032165227696,1.6554364471669218
census_data,callithrix_jacchus,ADORA1,969,1093.0,VIP GABAergic cortical interneuron,6539,14.81877962991283,0.16715094051078147,1.12796697626419
census_data,callithrix_jacchus,ADORA1,1,1.0,B cell,6,16.666666666666668,0.16666666666666666,1.0
census_data,callithrix_jacchus,ADORA1,18207,21834.0,astrocyte,165907,10.974220497025442,0.13160385034989483,1.1992090954028671
census_data,callithrix_jacchus,ADORA1,53,61.0,smooth muscle cell,647,8.191653786707883,0.09428129829984544,1.150943396226415
census_data,callithrix_jacchus,ADORA1,204,228.0,inhibitory interneuron,2471,8.255766895993524,0.09227033589639821,1.1176470588235294
census_data,callithrix_jacchus,ADORA1,521,554.0,pvalb GABAergic cortical interneuron,6085,8.5620377978636,0.09104354971240756,1.0633397312859885
census_data,callithrix_jacchus,ADORA1,14,15.0,erythroid lineage cell,233,6.008583690987124,0.06437768240343347,1.0714285714285714
census_data,callithrix_jacchus,ADORA1,14,16.0,macrophage,254,5.511811023622047,0.06299212598425197,1.1428571428571428
census_data,callithrix_jacchus,ADORA1,7,7.0,T cell,113,6.1946902654867255,0.061946902654867256,1.0
census_data,callithrix_jacchus,ADORA1,457,486.0,sst GABAergic cortical interneuron,8297,5.508014945160902,0.05857538869470893,1.0634573304157549
census_data,callithrix_jacchus,ADORA1,139,146.0,pericyte,2521,5.5136850456168185,0.05791352637842126,1.0503597122302157
census_data,callithrix_jacchus,ADORA1,79,80.0,chandelier pvalb GABAergic cortical interneuron,1614,4.8946716232961585,0.04956629491945477,1.0126582278481013
census_data,callithrix_jacchus,ADORA1,160,172.0,lamp5 GABAergic cortical interneuron,3542,4.517221908526256,0.048560135516657256,1.075
census_data,callithrix_jacchus,ADORA1,2,2.0,myeloid cell,44,4.545454545454546,0.045454545454545456,1.0
census_data,callithrix_jacchus,ADORA1,5938,6677.0,GABAergic neuron,173748,3.41759329603794,0.03842921932914336,1.124452677669249
census_data,callithrix_jacchus,ADORA1,55,60.0,vascular leptomeningeal cell,1564,3.516624040920716,0.03836317135549872,1.0909090909090908
census_data,callithrix_jacchus,ADORA1,426,475.0,endothelial cell,41320,1.0309777347531461,0.011495643756050338,1.1150234741784038
census_data,callithrix_jacchus,ADORA1,274,284.0,microglial cell,57904,0.47319701575020723,0.00490466979828682,1.0364963503649636
census_data,callithrix_jacchus,ADORA1,37,45.0,ependymal cell,19113,0.19358551771045884,0.0023544184586407157,1.2162162162162162
census_data,callithrix_jacchus,CACNA1A,49954,562008.0,L2/3 intratelencephalic projecting glutamatergic neuron,50225,99.4604280736685,11.18980587356894,11.250510469632061
census_data,callithrix_jacchus,CACNA1A,1350,14569.0,L5 extratelencephalic projecting glutamatergic cortical neuron,1361,99.19177075679647,10.704628949301984,10.791851851851852
census_data,callithrix_jacchus,CACNA1A,6045,60112.0,pvalb GABAergic cortical interneuron,6085,99.34264585045193,9.87871815940838,9.944086021505376
census_data,callithrix_jacchus,CACNA1A,2610,25032.0,L6b glutamatergic cortical neuron,2654,98.34212509419744,9.431801055011304,9.59080459770115
census_data,callithrix_jacchus,CACNA1A,112482,1.15852e+06,neuron,123290,91.23367669721794,9.396706951090923,10.299603492114294
census_data,callithrix_jacchus,CACNA1A,527734,5.144788e+06,glutamatergic neuron,549892,95.97048147636264,9.355997177627607,9.748828008049509
census_data,callithrix_jacchus,CACNA1A,4902,45486.0,L6 corticothalamic-projecting glutamatergic cortical neuron,4957,98.89045793826911,9.176114585434739,9.279069767441861
census_data,callithrix_jacchus,CACNA1A,2846,24975.0,L5/6 near-projecting glutamatergic neuron of the primary motor cortex,2879,98.85376866967697,8.674887113581105,8.775474349964863
census_data,callithrix_jacchus,CACNA1A,91668,1.050433e+06,unknown,123404,74.28284334381381,8.512147094097436,11.45910241305581
census_data,callithrix_jacchus,CACNA1A,5481,48960.0,GABAergic interneuron,5907,92.78821736922296,8.288471305231083,8.932676518883415
census_data,callithrix_jacchus,CACNA1A,3479,28274.0,lamp5 GABAergic cortical interneuron,3542,98.22134387351778,7.982495765104461,8.127048002299512
census_data,callithrix_jacchus,CACNA1A,1598,12274.0,chandelier pvalb GABAergic cortical interneuron,1614,99.00867410161091,7.604708798017348,7.680851063829787
census_data,callithrix_jacchus,CACNA1A,55263,411914.0,medium spiny neuron,58096,95.12358854310108,7.09022996419719,7.453703201056765
census_data,callithrix_jacchus,CACNA1A,8112,58323.0,sst GABAergic cortical interneuron,8297,97.77027841388454,7.029408219838496,7.189718934911243
census_data,callithrix_jacchus,CACNA1A,5757,41463.0,L6 intratelencephalic projecting glutamatergic neuron of the primary motor cortex,6284,91.61362189688097,6.598185868873329,7.202188639916623
census_data,callithrix_jacchus,CACNA1A,158230,947344.0,GABAergic neuron,173748,91.06867417178903,5.45240232981099,5.987132654995892
census_data,callithrix_jacchus,CACNA1A,221,1171.0,macrophage,254,87.00787401574803,4.610236220472441,5.298642533936651
census_data,callithrix_jacchus,CACNA1A,6156,29058.0,VIP GABAergic cortical interneuron,6539,94.14283529591681,4.4437987459856245,4.720272904483431
census_data,callithrix_jacchus,CACNA1A,3,24.0,B cell,6,50.0,4.0,8.0
census_data,callithrix_jacchus,CACNA1A,2090,7783.0,inhibitory interneuron,2471,84.58114123836503,3.1497369486038043,3.7239234449760765
census_data,callithrix_jacchus,CACNA1A,35,131.0,myeloid cell,44,79.54545454545455,2.977272727272727,3.742857142857143
census_data,callithrix_jacchus,CACNA1A,34989,83127.0,microglial cell,57904,60.42587731417519,1.4356003039513678,2.37580382405899
census_data,callithrix_jacchus,CACNA1A,233,542.0,smooth muscle cell,647,36.01236476043277,0.8377125193199382,2.3261802575107295
census_data,callithrix_jacchus,CACNA1A,8313,15939.0,ependymal cell,19113,43.49395699262282,0.8339350180505415,1.9173583543846986
census_data,callithrix_jacchus,CACNA1A,497,1178.0,vascular leptomeningeal cell,1564,31.77749360613811,0.7531969309462916,2.370221327967807
census_data,callithrix_jacchus,CACNA1A,2114,3167.0,oligodendrocyte precursor cell,4586,46.096816397732226,0.690580026166594,1.4981078524124882
census_data,callithrix_jacchus,CACNA1A,24380,77736.0,astrocyte,165907,14.694979717552604,0.4685516584592573,3.1885151763740773
census_data,callithrix_jacchus,CACNA1A,55,71.0,erythroid lineage cell,233,23.605150214592275,0.30472103004291845,1.290909090909091
census_data,callithrix_jacchus,CACNA1A,25,29.0,T cell,113,22.123893805309734,0.25663716814159293,1.16
census_data,callithrix_jacchus,CACNA1A,489,638.0,pericyte,2521,19.39706465688219,0.25307417691392303,1.3047034764826175
census_data,callithrix_jacchus,CACNA1A,3479,6194.0,endothelial cell,41320,8.419651500484028,0.14990319457889642,1.7803966657085368
census_data,callithrix_jacchus,CACNA1A,25141,37102.0,oligodendrocyte,287281,8.751361906983059,0.12914881248672902,1.4757567320313432
census_data,callithrix_jacchus,CACNA1B,5486,47761.0,GABAergic interneuron,5907,92.87286270526494,8.085491789402404,8.705978855267954
census_data,callithrix_jacchus,CACNA1B,6192,47591.0,L6 intratelencephalic projecting glutamatergic neuron of the primary motor cortex,6284,98.53596435391471,7.5733609166136215,7.685885012919897
census_data,callithrix_jacchus,CACNA1B,111908,867730.0,neuron,123290,90.76810771352096,7.038121502149404,7.753958608857276
census_data,callithrix_jacchus,CACNA1B,512917,3.433144e+06,glutamatergic neuron,549892,93.27595236882878,6.243305958260895,6.693371442163157
census_data,callithrix_jacchus,CACNA1B,2362,14734.0,inhibitory interneuron,2471,95.58883043302306,5.962768110076892,6.237933954276038
census_data,callithrix_jacchus,CACNA1B,2540,15050.0,L6b glutamatergic cortical neuron,2654,95.70459683496608,5.6706857573474005,5.925196850393701
census_data,callithrix_jacchus,CACNA1B,53853,326592.0,medium spiny neuron,58096,92.69657119250896,5.621591847975764,6.064508941006072
census_data,callithrix_jacchus,CACNA1B,3396,18722.0,lamp5 GABAergic cortical interneuron,3542,95.8780350084698,5.285714285714286,5.512956419316843
census_data,callithrix_jacchus,CACNA1B,47590,241399.0,L2/3 intratelencephalic projecting glutamatergic neuron,50225,94.75360876057741,4.806351418616227,5.072473208657281
census_data,callithrix_jacchus,CACNA1B,1287,6398.0,L5 extratelencephalic projecting glutamatergic cortical neuron,1361,94.56282145481264,4.700955180014695,4.971250971250972
census_data,callithrix_jacchus,CACNA1B,4677,21483.0,L6 corticothalamic-projecting glutamatergic cortical neuron,4957,94.35142223118822,4.333871293120839,4.593329057087876
census_data,callithrix_jacchus,CACNA1B,153695,693003.0,GABAergic neuron,173748,88.45857218500358,3.9885523862145176,4.508949542925925
census_data,callithrix_jacchus,CACNA1B,7576,29374.0,sst GABAergic cortical interneuron,8297,91.31011208870676,3.5403157767867905,3.877243928194298
census_data,callithrix_jacchus,CACNA1B,2536,8355.0,L5/6 near-projecting glutamatergic neuron of the primary motor cortex,2879,88.08614102118791,2.9020493226814867,3.294558359621451
census_data,callithrix_jacchus,CACNA1B,5378,17391.0,pvalb GABAergic cortical interneuron,6085,88.38126540673788,2.8580115036976173,3.2337300111565637
census_data,callithrix_jacchus,CACNA1B,5652,18555.0,VIP GABAergic cortical interneuron,6539,86.4352347453739,2.837589845542132,3.2829087048832273
census_data,callithrix_jacchus,CACNA1B,62929,298616.0,unknown,123404,50.994295160610676,2.419824316877897,4.74528436809738
census_data,callithrix_jacchus,CACNA1B,1145,2498.0,chandelier pvalb GABAergic cortical interneuron,1614,70.94175960346963,1.5477075588599751,2.1816593886462883
census_data,callithrix_jacchus,CACNA1B,120,176.0,smooth muscle cell,647,18.547140649149924,0.27202472952086554,1.4666666666666666
census_data,callithrix_jacchus,CACNA1B,454,584.0,pericyte,2521,18.00872669575565,0.23165410551368504,1.2863436123348018
census_data,callithrix_jacchus,CACNA1B,37,50.0,erythroid lineage cell,233,15.879828326180258,0.2145922746781116,1.3513513513513513
census_data,callithrix_jacchus,CACNA1B,785,957.0,oligodendrocyte precursor cell,4586,17.11731356301788,0.208678587003925,1.219108280254777
census_data,callithrix_jacchus,CACNA1B,25,42.0,macrophage,254,9.84251968503937,0.16535433070866143,1.68
census_data,callithrix_jacchus,CACNA1B,192,248.0,vascular leptomeningeal cell,1564,12.27621483375959,0.1585677749360614,1.2916666666666667
census_data,callithrix_jacchus,CACNA1B,14,15.0,T cell,113,12.389380530973451,0.13274336283185842,1.0714285714285714
census_data,callithrix_jacchus,CACNA1B,9951,13216.0,astrocyte,165907,5.997938604157751,0.07965908611450993,1.328107727866546
census_data,callithrix_jacchus,CACNA1B,14816,20037.0,oligodendrocyte,287281,5.1573198366755895,0.06974704209467386,1.3523893088552916
census_data,callithrix_jacchus,CACNA1B,1547,2508.0,endothelial cell,41320,3.743949661181026,0.06069699903194579,1.62120232708468
census_data,callithrix_jacchus,CACNA1B,2,2.0,myeloid cell,44,4.545454545454546,0.045454545454545456,1.0
census_data,callithrix_jacchus,CACNA1B,583,815.0,ependymal cell,19113,3.0502799141945274,0.04264113430649296,1.397941680960549
census_data,callithrix_jacchus,CACNA1B,355,390.0,microglial cell,57904,0.6130837247858525,0.006735285990605139,1.0985915492957747
census_data,callithrix_jacchus,GNAI1,55308,167849.0,unknown,123404,44.818644452367835,1.3601585037762147,3.034805091487669
census_data,callithrix_jacchus,GNAI1,312718,680805.0,glutamatergic neuron,549892,56.86898518254494,1.2380703847300925,2.177057284838097
census_data,callithrix_jacchus,GNAI1,143551,300394.0,oligodendrocyte,287281,49.96884583386998,1.045645204521009,2.0925942696323956
census_data,callithrix_jacchus,GNAI1,814,1410.0,L5 extratelencephalic projecting glutamatergic cortical neuron,1361,59.808963997060985,1.0360029390154297,1.7321867321867321
census_data,callithrix_jacchus,GNAI1,2674,5943.0,GABAergic interneuron,5907,45.26832571525309,1.006094464195023,2.222513089005236
census_data,callithrix_jacchus,GNAI1,2804,4987.0,L6 corticothalamic-projecting glutamatergic cortical neuron,4957,56.5664716562437,1.0060520476094412,1.778530670470756
census_data,callithrix_jacchus,GNAI1,3336,5551.0,L6 intratelencephalic projecting glutamatergic neuron of the primary motor cortex,6284,53.08720560152769,0.8833545512412476,1.663968824940048
census_data,callithrix_jacchus,GNAI1,52978,102850.0,neuron,123290,42.97023278449185,0.834212020439614,1.9413718902185813
census_data,callithrix_jacchus,GNAI1,72662,131753.0,GABAergic neuron,173748,41.82033750028777,0.7582993761079264,1.813231124934629
census_data,callithrix_jacchus,GNAI1,23466,36755.0,L2/3 intratelencephalic projecting glutamatergic neuron,50225,46.721752115480335,0.7318068690890991,1.56630870195176
census_data,callithrix_jacchus,GNAI1,250,424.0,smooth muscle cell,647,38.639876352395675,0.6553323029366306,1.696
census_data,callithrix_jacchus,GNAI1,2950,4435.0,sst GABAergic cortical interneuron,8297,35.55501988670604,0.5345305532120044,1.5033898305084745
census_data,callithrix_jacchus,GNAI1,853,1269.0,inhibitory interneuron,2471,34.52043707001214,0.5135572642654795,1.4876905041031654
census_data,callithrix_jacchus,GNAI1,1009,1352.0,L5/6 near-projecting glutamatergic neuron of the primary motor cortex,2879,35.04689128169503,0.4696075026050712,1.3399405351833498
census_data,callithrix_jacchus,GNAI1,792,1111.0,L6b glutamatergic cortical neuron,2654,29.84174830444612,0.41861341371514693,1.4027777777777777
census_data,callithrix_jacchus,GNAI1,2015,2719.0,VIP GABAergic cortical interneuron,6539,30.81510934393638,0.4158128154152011,1.3493796526054591
census_data,callithrix_jacchus,GNAI1,13132,21651.0,medium spiny neuron,58096,22.603965849628203,0.37267625998347564,1.6487206823027718
census_data,callithrix_jacchus,GNAI1,936,1168.0,lamp5 GABAergic cortical interneuron,3542,26.4257481648786,0.3297571993224167,1.2478632478632479
census_data,callithrix_jacchus,GNAI1,606,756.0,pericyte,2521,24.038080126933757,0.29988099960333203,1.2475247524752475
census_data,callithrix_jacchus,GNAI1,1261,1564.0,pvalb GABAergic cortical interneuron,6085,20.723089564502875,0.257025472473295,1.2402854877081682
census_data,callithrix_jacchus,GNAI1,33,47.0,erythroid lineage cell,233,14.163090128755364,0.2017167381974249,1.4242424242424243
census_data,callithrix_jacchus,GNAI1,699,827.0,oligodendrocyte precursor cell,4586,15.242040994330571,0.18033144352376798,1.1831187410586552
census_data,callithrix_jacchus,GNAI1,4505,6164.0,endothelial cell,41320,10.9027105517909,0.14917715392061956,1.3682574916759156
census_data,callithrix_jacchus,GNAI1,205,227.0,chandelier pvalb GABAergic cortical interneuron,1614,12.701363073110285,0.1406443618339529,1.1073170731707318
census_data,callithrix_jacchus,GNAI1,107,140.0,vascular leptomeningeal cell,1564,6.841432225063938,0.08951406649616368,1.308411214953271
census_data,callithrix_jacchus,GNAI1,10,16.0,macrophage,254,3.937007874015748,0.06299212598425197,1.6
census_data,callithrix_jacchus,GNAI1,1,2.0,T cell,113,0.8849557522123894,0.017699115044247787,2.0
census_data,callithrix_jacchus,GNAI1,2217,2580.0,astrocyte,165907,1.336290813528061,0.015550880915211535,1.1637347767253046
census_data,callithrix_jacchus,GNAI1,116,172.0,ependymal cell,19113,0.6069167582273846,0.008999110553026735,1.4827586206896552
census_data,callithrix_jacchus,GNAI1,355,377.0,microglial cell,57904,0.6130837247858525,0.006510776457584968,1.0619718309859154
census_data,callithrix_jacchus,GNAO1,53094,291718.0,medium spiny neuron,58096,91.39011291655191,5.021309556595979,5.494368478547482
census_data,callithrix_jacchus,GNAO1,5737,22355.0,L6 intratelencephalic projecting glutamatergic neuron of the primary motor cortex,6284,91.29535327816677,3.5574474856779124,3.8966358724071815
census_data,callithrix_jacchus,GNAO1,1214,4149.0,L5 extratelencephalic projecting glutamatergic cortical neuron,1361,89.19911829537105,3.0484937545922115,3.4176276771004943
census_data,callithrix_jacchus,GNAO1,101106,369962.0,neuron,123290,82.00665098548139,3.00074620812718,3.659149803176864
census_data,callithrix_jacchus,GNAO1,4425,14792.0,L6 corticothalamic-projecting glutamatergic cortical neuron,4957,89.26770223925762,2.984062941295138,3.342824858757062
census_data,callithrix_jacchus,GNAO1,4780,17048.0,GABAergic interneuron,5907,80.92094125613679,2.8860673776874894,3.5665271966527197
census_data,callithrix_jacchus,GNAO1,464483,1.58633e+06,glutamatergic neuron,549892,84.46804099714126,2.884802834011042,3.415259546635722
census_data,callithrix_jacchus,GNAO1,139613,470631.0,astrocyte,165907,84.15136190757472,2.8367157503902787,3.3709683195690947
census_data,callithrix_jacchus,GNAO1,86909,338828.0,unknown,123404,70.42640433049172,2.7456808531327996,3.8986526136533617
census_data,callithrix_jacchus,GNAO1,2248,6692.0,L6b glutamatergic cortical neuron,2654,84.70233609645818,2.5214770158251696,2.9768683274021353
census_data,callithrix_jacchus,GNAO1,2343,6094.0,L5/6 near-projecting glutamatergic neuron of the primary motor cortex,2879,81.38242445293504,2.1167071899965264,2.60093896713615
census_data,callithrix_jacchus,GNAO1,40339,105268.0,L2/3 intratelencephalic projecting glutamatergic neuron,50225,80.31657541065206,2.0959283225485317,2.609583777485808
census_data,callithrix_jacchus,GNAO1,197858,536921.0,oligodendrocyte,287281,68.87263689558307,1.868974975720636,2.7136683884401944
census_data,callithrix_jacchus,GNAO1,125166,273484.0,GABAergic neuron,173748,72.03881483527869,1.5740267513870663,2.184970359362766
census_data,callithrix_jacchus,GNAO1,1611,3546.0,inhibitory interneuron,2471,65.19627681100769,1.435046539862404,2.201117318435754
census_data,callithrix_jacchus,GNAO1,5744,11662.0,sst GABAergic cortical interneuron,8297,69.2298421116066,1.4055682776907317,2.030292479108635
census_data,callithrix_jacchus,GNAO1,2474,4974.0,lamp5 GABAergic cortical interneuron,3542,69.84754376058724,1.4042913608131,2.0105092966855294
census_data,callithrix_jacchus,GNAO1,4190,8223.0,pvalb GABAergic cortical interneuron,6085,68.85784716516024,1.351355792933443,1.962529832935561
census_data,callithrix_jacchus,GNAO1,256,863.0,smooth muscle cell,647,39.56723338485317,1.3338485316846986,3.37109375
census_data,callithrix_jacchus,GNAO1,1050,1877.0,chandelier pvalb GABAergic cortical interneuron,1614,65.05576208178438,1.1629491945477075,1.7876190476190477
census_data,callithrix_jacchus,GNAO1,3896,6822.0,VIP GABAergic cortical interneuron,6539,59.58097568435541,1.0432787888056279,1.7510266940451746
census_data,callithrix_jacchus,GNAO1,1468,1912.0,oligodendrocyte precursor cell,4586,32.01046663759267,0.41692106410815527,1.3024523160762942
census_data,callithrix_jacchus,GNAO1,2871,4347.0,ependymal cell,19113,15.021189766127767,0.22743682310469315,1.5141065830721003
census_data,callithrix_jacchus,GNAO1,6,6.0,myeloid cell,44,13.636363636363637,0.13636363636363635,1.0
census_data,callithrix_jacchus,GNAO1,26,31.0,erythroid lineage cell,233,11.158798283261802,0.13304721030042918,1.1923076923076923
census_data,callithrix_jacchus,GNAO1,135,180.0,vascular leptomeningeal cell,1564,8.631713554987213,0.11508951406649616,1.3333333333333333
census_data,callithrix_jacchus,GNAO1,204,238.0,pericyte,2521,8.092026973423245,0.09440698135660452,1.1666666666666667
census_data,callithrix_jacchus,GNAO1,15,18.0,macrophage,254,5.905511811023622,0.07086614173228346,1.2
census_data,callithrix_jacchus,GNAO1,1620,2811.0,endothelial cell,41320,3.920619554695063,0.06803000968054211,1.7351851851851852
census_data,callithrix_jacchus,GNAO1,5,5.0,T cell,113,4.424778761061947,0.04424778761061947,1.0
census_data,callithrix_jacchus,GNAO1,653,748.0,microglial cell,57904,1.127728654324399,0.012917933130699088,1.1454823889739663
census_data,callithrix_jacchus,KCNJ3,87290,1.08173e+06,unknown,123404,70.73514634857865,8.765761239506013,12.392370260052697
census_data,callithrix_jacchus,KCNJ3,515725,3.923732e+06,glutamatergic neuron,549892,93.78659809562605,7.13545932655867,7.6081865335207715
census_data,callithrix_jacchus,KCNJ3,1329,8221.0,L5 extratelencephalic projecting glutamatergic cortical neuron,1361,97.6487876561352,6.0404114621601765,6.185854025583145
census_data,callithrix_jacchus,KCNJ3,96506,712622.0,neuron,123290,78.27561034958228,5.780047043555844,7.384224815037407
census_data,callithrix_jacchus,KCNJ3,149714,887449.0,GABAergic neuron,173748,86.16732278932707,5.107678937311508,5.927628678680684
census_data,callithrix_jacchus,KCNJ3,3880,27901.0,GABAergic interneuron,5907,65.68478076857966,4.723379041814796,7.190979381443299
census_data,callithrix_jacchus,KCNJ3,5906,28439.0,L6 intratelencephalic projecting glutamatergic neuron of the primary motor cortex,6284,93.98472310630171,4.525620623806493,4.815272604131392
census_data,callithrix_jacchus,KCNJ3,47382,226924.0,L2/3 intratelencephalic projecting glutamatergic neuron,50225,94.33947237431558,4.518148332503733,4.789244860917648
census_data,callithrix_jacchus,KCNJ3,4673,22337.0,L6 corticothalamic-projecting glutamatergic cortical neuron,4957,94.27072826306234,4.506152915069599,4.780012839717526
census_data,callithrix_jacchus,KCNJ3,2695,12556.0,L5/6 near-projecting glutamatergic neuron of the primary motor cortex,2879,93.60889197638069,4.361236540465439,4.65899814471243
census_data,callithrix_jacchus,KCNJ3,15836,79959.0,ependymal cell,19113,82.85460158007639,4.1834876785434,5.049191715079566
census_data,callithrix_jacchus,KCNJ3,2437,10908.0,L6b glutamatergic cortical neuron,2654,91.82366239638282,4.110022607385079,4.475995075913008
census_data,callithrix_jacchus,KCNJ3,2223,9688.0,inhibitory interneuron,2471,89.96357749898826,3.9206798866855523,4.358074673864148
census_data,callithrix_jacchus,KCNJ3,5549,23490.0,pvalb GABAergic cortical interneuron,6085,91.19145439605587,3.8603122432210353,4.233195170300955
census_data,callithrix_jacchus,KCNJ3,1506,6129.0,chandelier pvalb GABAergic cortical interneuron,1614,93.3085501858736,3.7973977695167287,4.069721115537849
census_data,callithrix_jacchus,KCNJ3,5685,19410.0,VIP GABAergic cortical interneuron,6539,86.93989906713564,2.968343783453127,3.4142480211081794
census_data,callithrix_jacchus,KCNJ3,3021,9259.0,lamp5 GABAergic cortical interneuron,3542,85.29079616036138,2.614059853190288,3.064879179079775
census_data,callithrix_jacchus,KCNJ3,5445,14659.0,sst GABAergic cortical interneuron,8297,65.62612992647945,1.7667831746414366,2.692194674012856
census_data,callithrix_jacchus,KCNJ3,6255,47974.0,medium spiny neuron,58096,10.76666207656293,0.8257711374277059,7.669704236610712
census_data,callithrix_jacchus,KCNJ3,205,426.0,smooth muscle cell,647,31.68469860896445,0.6584234930448223,2.078048780487805
census_data,callithrix_jacchus,KCNJ3,8,9.0,myeloid cell,44,18.181818181818183,0.20454545454545456,1.125
census_data,callithrix_jacchus,KCNJ3,716,886.0,oligodendrocyte precursor cell,4586,15.612734409071086,0.19319668556476233,1.2374301675977655
census_data,callithrix_jacchus,KCNJ3,32,39.0,erythroid lineage cell,233,13.733905579399142,0.16738197424892703,1.21875
census_data,callithrix_jacchus,KCNJ3,1,1.0,B cell,6,16.666666666666668,0.16666666666666666,1.0
census_data,callithrix_jacchus,KCNJ3,25,34.0,macrophage,254,9.84251968503937,0.13385826771653545,1.36
census_data,callithrix_jacchus,KCNJ3,268,322.0,pericyte,2521,10.630702102340342,0.12772709242364141,1.2014925373134329
census_data,callithrix_jacchus,KCNJ3,145,193.0,vascular leptomeningeal cell,1564,9.271099744245523,0.12340153452685422,1.3310344827586207
census_data,callithrix_jacchus,KCNJ3,13,13.0,T cell,113,11.504424778761061,0.11504424778761062,1.0
census_data,callithrix_jacchus,KCNJ3,11154,18641.0,astrocyte,165907,6.723043632878661,0.1123581283490148,1.6712390173928635
census_data,callithrix_jacchus,KCNJ3,12589,21603.0,oligodendrocyte,287281,4.38212064146254,0.07519815093932422,1.716021923901819
census_data,callithrix_jacchus,KCNJ3,846,1492.0,endothelial cell,41320,2.047434656340755,0.03610842207163601,1.7635933806146573
census_data,callithrix_jacchus,KCNJ3,390,438.0,microglial cell,57904,0.673528599060514,0.007564244266371926,1.123076923076923
census_data,callithrix_jacchus,KCNJ6,493548,2.59708e+06,glutamatergic neuron,549892,89.7536243480538,4.722891040422483,5.262061643447041
census_data,callithrix_jacchus,KCNJ6,2448,9666.0,L6b glutamatergic cortical neuron,2654,92.23813112283347,3.642049736247174,3.948529411764706
census_data,callithrix_jacchus,KCNJ6,4524,17950.0,L6 corticothalamic-projecting glutamatergic cortical neuron,4957,91.2648779503732,3.6211418196489813,3.9677276746242263
census_data,callithrix_jacchus,KCNJ6,1251,4794.0,L5 extratelencephalic projecting glutamatergic cortical neuron,1361,91.91770756796473,3.5224099926524612,3.8321342925659474
census_data,callithrix_jacchus,KCNJ6,44914,157606.0,L2/3 intratelencephalic projecting glutamatergic neuron,50225,89.42558486809358,3.1379990044798407,3.509061762479405
census_data,callithrix_jacchus,KCNJ6,90595,381405.0,neuron,123290,73.48122313245194,3.093559899424122,4.210000551906838
census_data,callithrix_jacchus,KCNJ6,2504,8480.0,L5/6 near-projecting glutamatergic neuron of the primary motor cortex,2879,86.97464397360194,2.9454671761028135,3.3865814696485623
census_data,callithrix_jacchus,KCNJ6,5394,17071.0,L6 intratelencephalic projecting glutamatergic neuron of the primary motor cortex,6284,85.83704646721833,2.7165817950350095,3.164812754912866
census_data,callithrix_jacchus,KCNJ6,4151,14854.0,GABAergic interneuron,5907,70.27255798205519,2.5146436431352632,3.578414839797639
census_data,callithrix_jacchus,KCNJ6,1383,3979.0,chandelier pvalb GABAergic cortical interneuron,1614,85.68773234200744,2.465303593556382,2.8770788141720898
census_data,callithrix_jacchus,KCNJ6,54933,286456.0,unknown,123404,44.51476451330589,2.321286181971411,5.214643292738427
census_data,callithrix_jacchus,KCNJ6,4984,13192.0,pvalb GABAergic cortical interneuron,6085,81.9063270336894,2.1679539852095315,2.6468699839486356
census_data,callithrix_jacchus,KCNJ6,126127,363527.0,GABAergic neuron,173748,72.591914727076,2.092265810253931,2.882229815979132
census_data,callithrix_jacchus,KCNJ6,1869,4896.0,inhibitory interneuron,2471,75.63739376770538,1.981384055038446,2.619582664526485
census_data,callithrix_jacchus,KCNJ6,6029,13881.0,sst GABAergic cortical interneuron,8297,72.66481860913584,1.6730143425334458,2.302371869298391
census_data,callithrix_jacchus,KCNJ6,2412,4698.0,lamp5 GABAergic cortical interneuron,3542,68.09712027103332,1.326369282891022,1.9477611940298507
census_data,callithrix_jacchus,KCNJ6,3779,7494.0,VIP GABAergic cortical interneuron,6539,57.79171127083652,1.1460467961461998,1.9830643027255888
census_data,callithrix_jacchus,KCNJ6,11352,20880.0,medium spiny neuron,58096,19.540071605618287,0.3594051225557698,1.839323467230444
census_data,callithrix_jacchus,KCNJ6,121,149.0,smooth muscle cell,647,18.701700154559507,0.2302936630602782,1.2314049586776858
census_data,callithrix_jacchus,KCNJ6,43,48.0,erythroid lineage cell,233,18.454935622317596,0.20600858369098712,1.1162790697674418
census_data,callithrix_jacchus,KCNJ6,18,22.0,T cell,113,15.929203539823009,0.19469026548672566,1.2222222222222223
census_data,callithrix_jacchus,KCNJ6,709,801.0,oligodendrocyte precursor cell,4586,15.460095944177933,0.17466201482773658,1.1297602256699577
census_data,callithrix_jacchus,KCNJ6,339,416.0,pericyte,2521,13.447044823482745,0.16501388337961126,1.2271386430678466
census_data,callithrix_jacchus,KCNJ6,7,7.0,myeloid cell,44,15.909090909090908,0.1590909090909091,1.0
census_data,callithrix_jacchus,KCNJ6,201,234.0,vascular leptomeningeal cell,1564,12.851662404092071,0.149616368286445,1.164179104477612
census_data,callithrix_jacchus,KCNJ6,30,34.0,macrophage,254,11.811023622047244,0.13385826771653545,1.1333333333333333
census_data,callithrix_jacchus,KCNJ6,806,1069.0,endothelial cell,41320,1.9506292352371732,0.025871248789932237,1.326302729528536
census_data,callithrix_jacchus,KCNJ6,2840,3308.0,astrocyte,165907,1.7118023953178587,0.019938881421519283,1.1647887323943662
census_data,callithrix_jacchus,KCNJ6,3772,4313.0,oligodendrocyte,287281,1.3130001636028836,0.015013175253497447,1.1434252386002122
census_data,callithrix_jacchus,KCNJ6,527,591.0,microglial cell,57904,0.9101271069356176,0.010206548770378557,1.1214421252371916
census_data,callithrix_jacchus,KCNJ6,45,64.0,ependymal cell,19113,0.23544184586407158,0.003348506252289018,1.4222222222222223
