group,gene,n_cells,pct_expressing,mean_expression
Bladder,ADORA1,66385,0.3268810725314453,0.0018605692312121391
Bladder,ADORA2A,66385,0.08285004142502071,0.00032073742477223277
Bladder,ADORA2B,66385,15.175114860284703,0.079586461186409
Bladder,ADORA3,66385,1.9025382239963848,0.015024011954665184
Blood,ADORA1,85233,0.11967195804441942,0.0008555850363336504
Blood,ADORA2A,85233,0.24051717057947036,0.0021087354980409145
Blood,ADORA2B,85233,1.892459493388711,0.010530035942792892
Blood,ADORA3,85233,1.619091197071557,0.009165345691144466
Bone_Marrow,ADORA1,27112,0.3245795219828858,0.0022535743191838264
Bone_Marrow,ADORA2A,27112,1.0179994098554146,0.0075180260464549065
Bone_Marrow,ADORA2B,27112,2.9912953673650042,0.013323778286576271
Bone_Marrow,ADORA3,27112,1.1729123635290646,0.006932949647307396
Ear,ADORA1,3055,2.7823240589198037,0.01793508045375347
Ear,ADORA2A,3055,0.0,0.0
Ear,ADORA2B,3055,5.466448445171849,0.03052666038274765
Ear,ADORA3,3055,3.6661211129296234,0.02246556058526039
Eye,ADORA1,34273,0.4930995244069676,0.0031315148808062077
Eye,ADORA2A,34273,0.06419047063285968,0.000266819290118292
Eye,ADORA2B,34273,7.218510197531584,0.044600557535886765
Eye,ADORA3,34273,1.0416362734514049,0.009683400392532349
Fat,ADORA1,94415,0.2425462055817402,0.0012416308745741844
Fat,ADORA2A,94415,0.06672668537838268,0.0004234947555232793
Fat,ADORA2B,94415,1.2243817190065138,0.007105891592800617
Fat,ADORA3,94415,4.200603717629614,0.03005874715745449
Heart,ADORA1,25832,3.236296066893775,0.015903078019618988
Heart,ADORA2A,25832,0.04645401052957572,0.000258805463090539
Heart,ADORA2B,25832,3.8324558686899968,0.02548900432884693
Heart,ADORA3,25832,1.2310312790337568,0.01129932701587677
Kidney,ADORA1,11376,1.3888888888888888,0.009640157222747803
Kidney,ADORA2A,11376,0.043952180028129395,0.0002127609623130411
Kidney,ADORA2B,11376,0.5537974683544303,0.004425148479640484
Kidney,ADORA3,11376,0.39556962025316456,0.0024838491808623075
Large_Intestine,ADORA1,30084,0.31578247573460977,0.0020560864359140396
Large_Intestine,ADORA2A,30084,0.11634091211275097,0.00042939031845889986
Large_Intestine,ADORA2B,30084,3.8093338651775026,0.027242055162787437
Large_Intestine,ADORA3,30084,0.7046935247972343,0.005672149360179901
Liver,ADORA1,22214,0.8373098046277122,0.00558747723698616
Liver,ADORA2A,22214,0.21157828396506706,0.0010575474007055163
Liver,ADORA2B,22214,3.0386242909876655,0.028106244280934334
Liver,ADORA3,22214,3.4752858557666335,0.027123361825942993
Lung,ADORA1,65847,1.5581575470408675,0.006338665261864662
Lung,ADORA2A,65847,0.06530289914498763,0.00015666999388486147
Lung,ADORA2B,65847,11.103011526721035,0.051910754293203354
Lung,ADORA3,65847,4.73977554026759,0.034247878938913345
Lymph_Node,ADORA1,129062,0.09530303265097395,0.0005796891055069864
Lymph_Node,ADORA2A,129062,0.6190823015294974,0.0054963016882538795
Lymph_Node,ADORA2B,129062,0.5369512327408532,0.00408356124535203
Lymph_Node,ADORA3,129062,0.49898498396119695,0.0032240641303360462
Mammary,ADORA1,30936,3.009438841479183,0.01708635874092579
Mammary,ADORA2A,30936,0.02585983966899405,0.00011440761591074988
Mammary,ADORA2B,30936,8.8085078872511,0.05655901879072189
Mammary,ADORA3,30936,0.21011119731057668,0.0020130279008299112
Muscle,ADORA1,46772,0.2522876934918327,0.0015857114922255278
Muscle,ADORA2A,46772,0.09621140853502096,0.00030723505187779665
Muscle,ADORA2B,46772,1.7403574788334901,0.012619529850780964
Muscle,ADORA3,46772,0.9450098349439835,0.006810782011598349
Ovary,ADORA1,48951,0.17772874915732056,0.0009246072149835527
Ovary,ADORA2A,48951,0.13278584707156135,0.00019117705232929438
Ovary,ADORA2B,48951,0.34728606157177583,0.0017566327005624771
Ovary,ADORA3,48951,0.3268574697146126,0.002085920423269272
Pancreas,ADORA1,14140,13.910891089108912,0.06363347917795181
Pancreas,ADORA2A,14140,0.03536067892503536,0.0002817433560267091
Pancreas,ADORA2B,14140,4.335219236209335,0.022869665175676346
Pancreas,ADORA3,14140,5.042432814710042,0.03676437586545944
Prostate,ADORA1,21030,0.25677603423680456,0.001399913802742958
Prostate,ADORA2A,21030,0.028530670470756064,0.00018566536891739815
Prostate,ADORA2B,21030,2.1445553970518305,0.0106502128764987
Prostate,ADORA3,21030,3.518782691393248,0.03129487484693527
Salivary_Gland,ADORA1,39821,1.3259335526481002,0.005564575549215078
Salivary_Gland,ADORA2A,39821,0.10044951156425001,0.00039375395863316953
Salivary_Gland,ADORA2B,39821,1.5419000025112377,0.006930853705853224
Salivary_Gland,ADORA3,39821,3.568468898319982,0.030179357156157494
Skin,ADORA1,17786,0.15180479028449342,0.0007621601107530296
Skin,ADORA2A,17786,0.5791071629371415,0.0017867167480289936
Skin,ADORA2B,17786,1.8385246823344203,0.015024157240986824
Skin,ADORA3,17786,1.1357247273136175,0.013642587698996067
Small_Intestine,ADORA1,42036,0.20220763155390617,0.0008852959144860506
Small_Intestine,ADORA2A,42036,0.10229327243315253,0.00034466260694898665
Small_Intestine,ADORA2B,42036,0.6851270339708821,0.004031495191156864
Small_Intestine,ADORA3,42036,0.35921591017223337,0.0024519283324480057
Spleen,ADORA1,70448,0.5422439245968658,0.0029598777182400227
Spleen,ADORA2A,70448,0.9098909834203951,0.006661408115178347
Spleen,ADORA2B,70448,1.5003974562798092,0.009775117039680481
Spleen,ADORA3,70448,1.4038723597547127,0.007249722257256508
Stomach,ADORA1,33064,0.25707718364384224,0.0016365828923881054
Stomach,ADORA2A,33064,0.06048874909266877,0.00024729533470235765
Stomach,ADORA2B,33064,2.4135010887974837,0.018465133383870125
Stomach,ADORA3,33064,3.568836196467457,0.028176112100481987
Testis,ADORA1,7513,1.211233861307068,0.008030264638364315
Testis,ADORA2A,7513,0.10648209769732464,0.0002353334566578269
Testis,ADORA2B,7513,1.610541727672035,0.008332937024533749
Testis,ADORA3,7513,3.2876347664048984,0.019650978967547417
Thymus,ADORA1,42729,0.2293524304336633,0.0012707384303212166
Thymus,ADORA2A,42729,1.2918626693814506,0.009906958788633347
Thymus,ADORA2B,42729,0.8869854197383511,0.00558813801035285
Thymus,ADORA3,42729,0.620187694540008,0.0037487533409148455
Tongue,ADORA1,38754,0.46446818392940087,0.0025405772030353546
Tongue,ADORA2A,38754,0.036125303194508955,0.00023351219715550542
Tongue,ADORA2B,38754,19.90762243897404,0.11405352503061295
Tongue,ADORA3,38754,0.61671053310626,0.00500343507155776
Trachea,ADORA1,22671,0.6131180803669887,0.0032295009586960077
Trachea,ADORA2A,22671,0.2470116007233911,0.002147418214008212
Trachea,ADORA2B,22671,17.89951920956288,0.1455458104610443
Trachea,ADORA3,22671,0.4278593798244453,0.0029154971707612276
Uterus,ADORA1,22029,0.6264469562848972,0.003901124931871891
Uterus,ADORA2A,22029,0.13164465023378275,0.0007704809540882707
Uterus,ADORA2B,22029,1.4844069181533435,0.009892888367176056
Uterus,ADORA3,22029,0.45848654046938125,0.002938368823379278
Vasculature,ADORA1,42650,0.4501758499413834,0.0019362900638952851
Vasculature,ADORA2A,42650,0.06096131301289566,0.00029031839221715927
Vasculature,ADORA2B,42650,1.81242672919109,0.008611886762082577
Vasculature,ADORA3,42650,6.75029308323564,0.04341210424900055
