dimension,group,cells,median,mean,p95,top_5pct_fraction,top_1pct_fraction,top_5pct_enrichment,top_1pct_enrichment
cell_type,Upper rhombic lip,137162,0.49105203,0.49428204,0.6993233978748321,0.029344862279640133,0.010418337440398944,0.5868972455928027,1.0418337440398944
cell_type,Splatter,291833,0.5667774,0.55530167,0.7008834242820738,0.022166787169374265,0.003944036486620773,0.44333574338748527,0.3944036486620773
cell_type,Lower rhombic lip,52650,0.63800144,0.6225982,0.7536816328763962,0.10068376068376068,0.02056980056980057,2.0136752136752136,2.056980056980057
cell_type,Mammillary body,16602,0.5452125,0.5396322,0.6456774592399597,0.0016263100831225153,0.00024093482712926153,0.03252620166245031,0.02409348271292615
cell_type,Thalamic excitatory,85546,0.61138153,0.6053945,0.721902534365654,0.03866925396862507,0.005049914665793842,0.7733850793725013,0.5049914665793842
cell_type,Amygdala excitatory,109452,0.6431874,0.63723916,0.7583504974842071,0.10982896612213573,0.0267057705660929,2.1965793224427146,2.67057705660929
cell_type,Medium spiny neuron,152189,0.5621598,0.56110805,0.6723455786705018,0.010059859779616135,0.002069794794630361,0.2011971955923227,0.20697947946303608
cell_type,Eccentric medium spiny neuron,40144,0.6207002,0.61745214,0.752123698592186,0.08895476285372658,0.023415703467516938,1.7790952570745315,2.341570346751694
cell_type,Miscellaneous,25071,0.5801145,0.522964,0.7304801046848297,0.0513740975629213,0.011646922739420047,1.027481951258426,1.1646922739420047
cell_type,Cerebellar inhibitory,14411,0.5629101,0.5575599,0.6943552494049072,0.01797238220803553,0.0031226146693498023,0.35944764416071057,0.31226146693498025
cell_type,Midbrain-derived inhibitory,126782,0.6099348,0.60504675,0.7476753413677215,0.0787572368317269,0.019994951964789953,1.575144736634538,1.9994951964789953
cell_type,CGE interneuron,227671,0.55895364,0.5519324,0.7062906920909882,0.02733330112311186,0.00547280944872206,0.5466660224622372,0.547280944872206
cell_type,LAMP5-LHX6 and Chandelier,45118,0.61544645,0.60665715,0.7501375764608383,0.08513231969502194,0.020368810674232015,1.7026463939004388,2.0368810674232014
cell_type,MGE interneuron,222434,0.5961738,0.5853203,0.7223458886146545,0.04065026030193226,0.006694120503160488,0.8130052060386451,0.6694120503160488
cell_type,Deep-layer near-projecting,18856,0.60244566,0.59597045,0.7155538499355316,0.031661009758167165,0.005780653372931693,0.6332201951633433,0.5780653372931692
cell_type,Deep-layer corticothalamic and 6b,78396,0.6397883,0.631792,0.7480074614286423,0.08907342211337313,0.017092708811674066,1.7814684422674625,1.7092708811674067
cell_type,Hippocampal CA1-3,74979,0.62500024,0.61658615,0.7272409141063689,0.046879793008709106,0.00802891476280025,0.9375958601741821,0.802891476280025
cell_type,Upper-layer intratelencephalic,455006,0.6341655,0.6262703,0.7435034215450287,0.07755282347925083,0.014160252831830788,1.5510564695850164,1.4160252831830789
cell_type,Deep-layer intratelencephalic,228467,0.6101598,0.6034647,0.7208995699882507,0.037432101791505995,0.005129843697339222,0.7486420358301199,0.5129843697339223
cell_type,Hippocampal dentate gyrus,67533,0.5816174,0.5661112,0.704859983921051,0.02293693453570847,0.0036574711622466053,0.4587386907141694,0.3657471162246605
cell_type,Hippocampal CA4,10654,0.6389307,0.6272789,0.735329681634903,0.06326262436643514,0.008822977285526563,1.2652524873287025,0.8822977285526563
region,Human MoAN,15630,0.54167,0.5275392,0.7140121608972549,0.034612923864363404,0.010108765195137556,0.6922584772872681,1.0108765195137555
region,Human MoSR,7169,0.47663516,0.47350538,0.6806056976318359,0.019668015064862602,0.005858557678895243,0.393360301297252,0.5858557678895243
region,Human PnAN,13698,0.49306816,0.49491283,0.6874667465686798,0.022558037669732807,0.00788436268068331,0.4511607533946561,0.788436268068331
region,Human MoRF-MoEN,14034,0.5810274,0.56933963,0.7193264007568358,0.040188114578879865,0.009690751033205073,0.8037622915775973,0.9690751033205073
region,Human CbDN,23393,0.5195585,0.5173961,0.7069520831108093,0.032744838199461376,0.013038088317017912,0.6548967639892275,1.303808831701791
region,Human IC,28016,0.5751823,0.5562424,0.7147671580314636,0.03444460308395203,0.007638492290119932,0.6888920616790406,0.7638492290119931
region,Human CBV,54741,0.5145815,0.51166356,0.7026707530021667,0.029995798396083375,0.009389671361502348,0.5999159679216675,0.9389671361502347
region,Human IO,10519,0.5041733,0.50423515,0.7104349851608276,0.03213233197071965,0.0075102196026238235,0.6426466394143929,0.7510219602623823
region,Human PnEN,25272,0.591864,0.5781527,0.7203430712223052,0.038461538461538464,0.00795346628679962,0.7692307692307693,0.795346628679962
region,Human PnRF,16190,0.64370644,0.6270172,0.7613103806972503,0.11890055589870291,0.02890673255095738,2.378011117974058,2.890673255095738
region,Human PAG-DR,10688,0.54314405,0.5289625,0.7054593712091445,0.027039670658682635,0.005707335329341317,0.5407934131736527,0.5707335329341318
region,Human LG,40261,0.59843266,0.59401625,0.7292007207870483,0.04997392017088498,0.010158714388614291,0.9994784034176996,1.0158714388614292
region,Human PB,15580,0.57497966,0.5637482,0.7116981714963913,0.03254172015404365,0.006611039794608473,0.6508344030808729,0.6611039794608473
region,Human PN,18286,0.6369915,0.6176345,0.7553175836801529,0.10762331838565023,0.020398118779394073,2.1524663677130045,2.039811877939407
region,Human MN,17416,0.57143295,0.5723243,0.7018861919641495,0.03318787322002756,0.012861736334405145,0.6637574644005512,1.2861736334405145
region,Human CBL,24810,0.51322466,0.51419985,0.7121118307113647,0.036316001612253124,0.011970979443772673,0.7263200322450625,1.1970979443772674
region,Human PAG,16607,0.55697817,0.55369055,0.71258727312088,0.03263683988679472,0.007767808755344132,0.6527367977358944,0.7767808755344132
region,Human SpC,6038,0.59160423,0.57450724,0.7437715590000152,0.07038754554488241,0.019542894998343822,1.4077509108976483,1.9542894998343823
region,Human SEP,20519,0.5732698,0.56601006,0.7125176906585693,0.03206783956333155,0.0059457088552073685,0.6413567912666309,0.5945708855207369
region,Human DGR-CA4Rpy,25671,0.60677665,0.59869516,0.7166809439659119,0.03346188305870437,0.004713489930271513,0.6692376611740875,0.4713489930271513
region,Human GPe,15262,0.57238877,0.569669,0.666994622349739,0.006552221202987813,0.0009828331804481718,0.13104442405975625,0.09828331804481719
region,Human PTR,23590,0.58083844,0.5724196,0.7111588150262832,0.0298007630351844,0.00559559135226791,0.596015260703688,0.559559135226791
region,Human Pul,30508,0.6060747,0.6012919,0.7276680052280425,0.04765963026091517,0.009669594860364495,0.9531926052183034,0.9669594860364494
region,Human BL,30689,0.5988059,0.5920195,0.7551087141036987,0.09322558571475122,0.025872462445827495,1.8645117142950243,2.5872462445827495
region,Human DTg,18015,0.5861623,0.57648563,0.725188410282135,0.045406605606439075,0.009492089925062447,0.9081321121287814,0.9492089925062447
region,Human HTHpo-HTHso,18008,0.4877569,0.48106343,0.6807573407888412,0.014215904042647711,0.0031652598844957797,0.28431808085295424,0.31652598844957797
region,Human SN,8668,0.5699475,0.55973834,0.7344507783651352,0.05641439778495616,0.01338255652976465,1.1282879556991232,1.338255652976465
region,Human MEC,46882,0.62248945,0.6105613,0.7250402092933654,0.043470841687641315,0.004820613455057378,0.8694168337528263,0.48206134550573776
region,Human HTHso-HTHtub,15506,0.537435,0.5190421,0.6849827915430069,0.012382303624403457,0.0020637172707339093,0.24764607248806914,0.20637172707339094
region,Human TF,29413,0.605133,0.5975784,0.7307355284690857,0.052323802400299185,0.009009621595892973,1.0464760480059836,0.9009621595892973
region,Human ANC,25035,0.60796016,0.5972214,0.7282946109771729,0.04849211104453765,0.007789095266626723,0.9698422208907529,0.7789095266626722
region,Human SN-RN,11373,0.6193969,0.61175084,0.7543751835823059,0.08977402620240922,0.02338872768838477,1.7954805240481844,2.338872768838477
region,Human MD,17520,0.61140144,0.6071489,0.7171395242214202,0.03344748858447488,0.005136986301369863,0.6689497716894977,0.5136986301369862
region,Human SC,27166,0.5537832,0.5461027,0.7032131999731064,0.025546639181329604,0.005705661488625488,0.510932783626592,0.5705661488625487
region,Human A29-A30,31651,0.539619,0.52959085,0.7091891467571259,0.03112065969479637,0.006571672301033143,0.6224131938959274,0.6571672301033142
region,Human MG,10535,0.5728207,0.56983584,0.7016614437103271,0.02496440436639772,0.0055054579971523495,0.4992880873279544,0.550545799715235
region,Human DGU-CA4Upy,22019,0.56134474,0.55162084,0.6854700446128845,0.009991371088605296,0.0011807984013806258,0.1998274217721059,0.11807984013806258
region,Human CA1C-CA3C,32438,0.6198178,0.61048245,0.7201048076152802,0.03659288488809421,0.005209938960478451,0.7318576977618841,0.5209938960478451
region,Human CA4C-DGC,36624,0.587323,0.5651557,0.7196345716714859,0.03713411970292704,0.0066896024464831805,0.7426823940585409,0.668960244648318
region,Human CEN,30052,0.5882199,0.5855088,0.7102611690759658,0.028949820311460137,0.004924797018501265,0.5789964062292027,0.49247970185012646
region,Human LP,12564,0.55593616,0.5536548,0.6849467605352401,0.013530722699777141,0.0025469595670168737,0.2706144539955428,0.2546959567016874
region,Human A38,34477,0.6224484,0.614461,0.7276737093925476,0.04695884212663515,0.006555094700815036,0.939176842532703,0.6555094700815036
region,Human ETH,22279,0.5798574,0.5691041,0.7022914469242095,0.02123075541990215,0.003860137349073118,0.424615108398043,0.3860137349073118
region,Human RN,1741,0.6423626,0.6352785,0.7642235159873962,0.12004595060310166,0.032739804709936815,2.400919012062033,3.2739804709936813
region,Human CM-Pf,16021,0.5983401,0.5906821,0.7096298933029175,0.026278010111728357,0.004369265339242244,0.5255602022345671,0.4369265339242244
region,Human A19,26788,0.62549007,0.61832047,0.7445687144994734,0.07727340600268777,0.01620128415708526,1.5454681200537552,1.620128415708526
region,Human M1C,110256,0.6124333,0.6068849,0.7266815900802612,0.04649180089972428,0.00844398490785082,0.9298360179944856,0.844398490785082
region,Human CMN,34365,0.60263354,0.5948568,0.734197735786438,0.05755856249090645,0.012309035355739852,1.1511712498181288,1.2309035355739852
region,Human CaB,29891,0.57872826,0.579825,0.678175687789917,0.009367368104111606,0.001639289418219531,0.1873473620822321,0.16392894182195308
region,Human HTHma,9025,0.55452555,0.55123836,0.6842533826828002,0.017285318559556787,0.005207756232686981,0.34570637119113573,0.5207756232686981
region,Human CA1R-CA2R-CA3R,21714,0.6058503,0.59575605,0.7276461750268935,0.04757299438150502,0.010223818734457032,0.9514598876301004,1.0223818734457033
region,Human SI,33370,0.5645052,0.56420255,0.7126084268093109,0.033772849865148336,0.008181000899011089,0.6754569973029667,0.8181000899011088
region,Human VLN,14529,0.63123226,0.61924416,0.746351146697998,0.08637896620551999,0.01521095739555372,1.7275793241103998,1.5210957395553721
region,Human GPi,1726,0.3539968,0.36337394,0.6390420943498611,0.0028968713789107765,0.0011587485515643105,0.05793742757821553,0.11587485515643105
region,Human TH-TL,32254,0.6200905,0.612901,0.7300466865301132,0.05140447696409747,0.007192906306194581,1.0280895392819493,0.7192906306194581
region,Human BNST,31277,0.55658597,0.55487907,0.6955649018287658,0.019215397896217668,0.0037407679764683314,0.38430795792435335,0.37407679764683316
region,Human LEC,29867,0.62676716,0.6177207,0.7295403599739074,0.05075836207185188,0.006261090836039776,1.0151672414370376,0.6261090836039775
region,Human MTG,85167,0.6209553,0.61315465,0.7309172093868256,0.05303697441497294,0.008465720290722933,1.0607394882994587,0.8465720290722933
region,Human A46,27929,0.6048432,0.59835535,0.7296665668487549,0.05034193848687744,0.008485803286906084,1.0068387697375487,0.8485803286906084
region,Human A35-A36,21712,0.6371454,0.6329753,0.7439711660146714,0.07811348563006633,0.014738393515106854,1.5622697126013265,1.4738393515106853
region,Human STG,27369,0.60542256,0.5993699,0.7317983150482177,0.053527713836822685,0.011618984983009974,1.0705542767364535,1.1618984983009975
region,Human A23,32983,0.5763146,0.5618552,0.72433762550354,0.043871085104447746,0.007731255495255131,0.8774217020889549,0.7731255495255132
region,Human V2,29656,0.6126479,0.6013018,0.7389608323574066,0.06666441866738602,0.013015915834906933,1.3332883733477203,1.3015915834906933
region,Human Pir,32186,0.60936487,0.6042476,0.7422149330377579,0.07096253029267384,0.014385136394705773,1.4192506058534766,1.4385136394705773
region,Human CA1U-CA2U-CA3U,31180,0.55973494,0.54051983,0.6906037032604218,0.016196279666452856,0.0030468248877485566,0.32392559332905707,0.30468248877485565
region,Human CA1U,14753,0.6392607,0.63036597,0.7287170767784118,0.04887141598318986,0.006642716735579204,0.9774283196637971,0.6642716735579204
region,Human A43,39038,0.6288687,0.622539,0.7400224089622498,0.06959885240022542,0.011347917413801936,1.3919770480045084,1.1347917413801936
region,Human HTHtub,11007,0.6333577,0.6280214,0.743222689628601,0.07549741073862087,0.014445352957209048,1.5099482147724175,1.4445352957209048
region,Human A1C,30183,0.6231597,0.61838114,0.7420723795890808,0.07073518205612431,0.014213298876851207,1.414703641122486,1.4213298876851206
region,Human S1C,35462,0.62013274,0.6141294,0.7329820722341537,0.0571033782640573,0.009587727708533078,1.1420675652811458,0.9587727708533078
region,Human A24,28504,0.6292787,0.6216731,0.7359795928001404,0.06251754139769856,0.009823182711198428,1.2503508279539712,0.9823182711198428
region,Human HTHso,9544,0.6947684,0.68744487,0.7984358191490173,0.2990360435875943,0.09105196982397318,5.980720871751886,9.105196982397318
region,Human CA2U-CA3U,11276,0.6378547,0.6366312,0.7279706746339798,0.04815537424618659,0.006119191202554097,0.9631074849237318,0.6119191202554097
region,Human A44-A45,35704,0.6211575,0.61153305,0.7448042452335357,0.07940286802599149,0.014788259018597356,1.5880573605198296,1.4788259018597356
region,Human HTHpo,13257,0.61542565,0.61257017,0.7332851886749266,0.05589499886852229,0.01040959493097986,1.1178999773704457,1.040959493097986
region,Human A25,35104,0.61834455,0.60935926,0.7275597214698791,0.04762989972652689,0.007093208751139471,0.9525979945305377,0.7093208751139471
region,Human Cla,27929,0.5937752,0.58948326,0.7224286556243896,0.04117583873393247,0.008593218518385907,0.8235167746786494,0.8593218518385907
region,Human AON,29263,0.6035621,0.5934356,0.7339289426803588,0.05860643132966545,0.010183508184396678,1.1721286265933089,1.0183508184396677
region,Human A13,32640,0.60271144,0.5870101,0.7262432366609574,0.04534313725490196,0.007720588235294118,0.9068627450980391,0.7720588235294118
region,Human A40,36003,0.6162245,0.6067792,0.7389667153358459,0.06713329444768491,0.013248895925339555,1.3426658889536982,1.3248895925339554
region,Human FI,32611,0.622549,0.6156351,0.7345329225063324,0.0596731164331054,0.008739382416975867,1.1934623286621078,0.8739382416975867
region,Human A14,13475,0.65629506,0.6457794,0.748164051771164,0.09840445269016698,0.013432282003710575,1.9680890538033395,1.3432282003710576
region,Human CA1R-CA2R,9696,0.6656542,0.6640462,0.7656051516532898,0.149236798679868,0.0297029702970297,2.9847359735973598,2.9702970297029703
region,Human Pro,25291,0.6139601,0.6080865,0.7359806299209595,0.0612075441856787,0.011782847653315408,1.224150883713574,1.1782847653315407
region,Human A32,22759,0.58894384,0.55570626,0.7329396307468414,0.05619754822268114,0.008392284371018058,1.1239509644536227,0.8392284371018058
region,Human V1C,30612,0.6173476,0.606369,0.7611535280942917,0.1034561609826212,0.031229583169998694,2.0691232196524236,3.122958316999869
region,Human CoA,8302,0.6882497,0.6835063,0.7933119177818299,0.2558419657913756,0.07612623464225488,5.116839315827511,7.6126234642254875
region,Human Idg,36455,0.62021106,0.6145799,0.7262005031108854,0.04572760938142916,0.0067206144561788505,0.9145521876285831,0.6720614456178851
region,Human Ig,35320,0.61445403,0.6079703,0.7357711344957351,0.060079275198187995,0.0105039637599094,1.2015855039637597,1.0503963759909398
region,Human Sub,27795,0.55170685,0.54282725,0.7278074145317077,0.0478143550998381,0.007159561072135276,0.9562871019967619,0.7159561072135276
region,Human ITG,26611,0.61091334,0.6037673,0.7266991138458252,0.04592085979482169,0.008041787230844387,0.9184171958964338,0.8041787230844387
region,Human CA3R,4801,0.61361784,0.60451996,0.7189339995384216,0.031451780878983544,0.00416579879191835,0.6290356175796709,0.41657987919183503
region,Human MD-Re,8943,0.62910724,0.621823,0.7338077306747436,0.05624510790562451,0.007939170300793916,1.12490215811249,0.7939170300793916
region,Human CM,6035,0.6440229,0.63831156,0.76452516913414,0.1309030654515327,0.03463131731565866,2.618061309030654,3.463131731565866
region,Human HTHma-HTHtub,16517,0.52600724,0.52592134,0.6574331402778625,0.006235999273475813,0.0013925046921353756,0.12471998546951625,0.13925046921353756
region,Human STH,603,0.49575073,0.48497665,0.6704624116420745,0.01824212271973466,0.004975124378109453,0.3648424543946932,0.49751243781094523
region,Human Pu,30741,0.56996596,0.56886524,0.6643714308738708,0.004424059074200579,0.0005530073842750724,0.08848118148401157,0.05530073842750723
region,Human NAC,27412,0.5516254,0.55183893,0.6530646830797195,0.004341164453524004,0.0009484897125346563,0.08682328907048006,0.09484897125346563
region,Human VA,4263,0.61788076,0.6156612,0.7300587594509125,0.051606849636406285,0.007271874266948158,1.0321369927281256,0.7271874266948158
region,Human VPL,2324,0.5771427,0.5731212,0.707514077425003,0.028399311531841654,0.004302925989672977,0.5679862306368331,0.4302925989672977
region,Human BM,26284,0.6259562,0.6194526,0.7315623700618743,0.05459595190990717,0.008446203013239994,1.0919190381981432,0.8446203013239993
region,Human La,24564,0.62128717,0.61808795,0.7597341030836104,0.1012457254518808,0.029840416870216577,2.024914509037616,2.9840416870216577
region,Human LP-VPL,1481,0.6976031,0.68801355,0.7819603085517883,0.2910195813639433,0.053342336259284265,5.820391627278865,5.334233625928427
region,Human A5-A7,32532,0.61942637,0.6116856,0.7370591789484023,0.06316857248247879,0.011926718308127382,1.2633714496495756,1.1926718308127382
region,Human A35r,44,0.20565239,0.23397951,0.4242149904370308,0.0,0.0,0.0,0.0
