EntryID,roothog_id,taxonomyID,umap_x,umap_y
Q8IY34,801468,9606,-0.24528755,8.171456
Q15942,801468,9606,9.873747,4.8693514
P48415,801468,559292,9.350821,5.340658
Q96BZ8,801468,9606,9.77584,4.8606033
Q3UGZ4,801468,10090,9.776617,4.7660165
Q8WXX5,801468,9606,9.701756,4.84041
Q80TN5,801468,10090,8.6328745,6.1390667
Q16560,801468,9606,9.3607645,5.674625
A0A384MR00,801468,9606,9.9098835,4.7214403
O22100,801468,3702,10.559323,5.7570405
O76324,801468,7227,10.321654,5.9048886
P46871,801468,7668,9.045413,5.7976317
P0C605,801468,10090,0.7218627,5.790153
Q03114,801468,10116,10.725082,6.1372576
Q9VJ86,801468,7227,8.819797,5.783981
O35492,801468,10090,10.062483,5.939207
Q54BF0,801468,44689,4.9611373,6.420729
P07213,801468,559292,8.653736,5.8789134
Q9LE82,801468,3702,8.574536,5.8922763
Q8VYK9,801468,3702,10.294192,5.8683467
P31689,801468,9606,9.216272,6.4321136
Q8WU68,801468,9606,9.602064,6.1163125
Q9HGM5,801468,284812,7.801349,6.719392
P43034,801468,9606,14.685091,3.851415
Q8VCA0,801468,10090,-0.46633542,8.171446
P40371,801468,284812,11.44298,-0.0039155027
Q9M077,801468,3702,10.632365,6.2051735
Q9V428,801468,7227,10.733908,5.879315
K7EJD8,801468,9606,10.868429,5.1440234
Q64FQ2,801468,3702,10.026957,5.9234004
Q9LFX9,801468,3702,0.52853376,8.447757
Q8MXI4,801468,6239,10.548687,6.168281
Q7ZVY8,801468,7955,9.072592,6.4507833
Q9R1A8,801468,10090,10.498301,5.039759
Q09603,801468,6239,7.595524,9.189911
B7SW26,801468,7955,9.352869,6.048487
Q5A1E4,801468,237561,8.914946,5.686173
G5EBX0,801468,6239,8.93817,5.469523
P39946,801468,559292,8.439212,5.7971783
H3BVF8,801468,9606,9.773059,5.842699
Q8IEG4,801468,36329,4.9528537,6.437755
Q02630,801468,559292,9.660795,5.3332167
P25635,801468,559292,8.337519,5.5960035
C9J8G5,801468,9606,9.322871,5.5691476
Q7K306,801468,7227,10.66583,6.196406
Q24534,801468,7227,9.648297,6.0283394
A0A178UKR9,801468,3702,10.4945965,6.0614524
Q8GYN9,801468,3702,8.048568,6.683229
Q93VK1,801468,3702,8.098494,5.3548336
Q4QA88,801468,5664,9.697379,6.113847
Q7K0W4,801468,7227,9.199117,6.391047
Q9NR30,801468,9606,9.201163,5.8911347
Q8W034,801468,3702,9.599447,5.9509263
P42818,801468,3702,10.27146,6.0533385
O14301,801468,284812,8.352684,5.5714273
Q7TPR4,801468,10090,10.239325,4.777742
P53141,801468,559292,8.650367,5.879014
Q9VUW9,801468,7227,8.658863,6.180546
P51991,801468,9606,9.574152,5.9400387
Q94535,801468,7227,9.650283,6.052672
Q62673,801468,10116,10.683187,5.409695
O55222,801468,10090,10.395786,6.1990957
P82094,801468,9606,9.514683,4.8658752
Q9H254,801468,9606,9.647475,4.7099566
Q9VGR0,801468,7227,9.094991,5.6004868
P41318,801468,559292,14.7349615,3.8363047
Q9C958,801468,3702,11.099165,5.1740427
Q6FQL9,801468,284593,9.403168,5.402286
Q13237,801468,9606,10.683764,5.973473
P48810,801468,7227,9.608313,5.9580803
F6U6E2,801468,9606,7.840849,6.552355
G5E9A6,801468,9606,9.315021,6.090608
Q60779,801468,10090,9.879335,4.681883
P35191,801468,559292,8.94417,5.9022045
O14327,801468,284812,9.655047,6.1413426
P78316,801468,9606,9.783678,4.800698
Q38BR4,801468,185431,9.166115,5.58003
P07909,801468,7227,9.629235,5.9704146
Q16629,801468,9606,9.637316,5.9673514
Q9SZ53,801468,3702,11.348282,-0.15961316
Q9UKI8,801468,9606,10.427695,4.9587264
Q9Z2X8,801468,10090,10.979289,5.143681
Q4WF54,801468,330879,7.678213,9.640254
Q9QXE7,801468,10090,0.7265936,5.7664757
P23437,801468,8355,10.77402,6.086116
O23334,801468,3702,10.745276,5.6453404
A8BZ76,801468,184922,10.538768,6.1119995
O75521,801468,9606,6.637105,9.662083
B5X0T7,801468,8030,9.632707,5.9743934
Q09406,801468,6239,8.614307,5.605782
Q9VSN7,801468,7227,8.369945,5.5671663
Q9VHP3,801468,7227,9.647732,6.1481886
C8VFS8,801468,227321,10.500777,6.077649
Q9ZWB3,801468,3702,10.252968,5.801275
P70318,801468,10090,9.609867,6.0593843
A0A0D9R447,801468,60711,10.225578,6.078143
Q7XJ96,801468,3055,9.684231,4.756
Q9H9A6,801468,9606,11.550471,5.7957864
Q8JZP3,801468,10090,0.6748092,6.343549
Q93VV5,801468,3702,0.54762554,8.236477
O14335,792940,284812,9.380571,5.392856
Q61555,792940,10090,9.153253,6.12326
Q5JV99,792940,9606,9.328583,5.3037243
Q5F1R6,792940,9606,9.203746,5.555855
Q01986,792940,10116,10.577189,5.807809
Q5F2E8,792940,10090,9.799468,4.9349184
Q17936,792940,6239,9.690554,5.9074736
Q14978,792940,9606,9.558269,5.0748954
A1ZAK8,792940,7227,9.690856,5.8442125
G3X7B5,792940,9913,11.068183,5.240847
Q9P6P7,792940,284812,9.5043125,5.585615
O14578,792940,9606,10.370146,4.920155
Q5QPD2,792940,9606,9.307256,5.27339
Q8NAV1,792940,9606,9.534584,5.9137406
Q7YRC6,792940,9913,10.41773,6.2203913
P27448,792940,9606,10.045856,5.8514347
Q8BH43,792940,10090,9.966603,4.982475
B4DKM2,792940,9606,10.666342,5.0974803
P08169,792940,9913,8.961887,6.043939
B7ZC06,792940,9606,9.727396,4.7205763
Q9Y2H1,792940,9606,10.373909,6.128972
Q9Y6W5,792940,9606,10.056618,4.970772
P12270,792940,9606,9.353241,4.943618
F1LML7,792940,10116,10.195268,4.736936
Q9XWK3,792940,6239,9.606953,5.3244452
B6CS38,792940,7955,9.180489,6.1659055
Q9WTK7,792940,10090,11.054208,5.1085606
Q96I24,792940,9606,10.384658,5.0008736
Q8N0X2,792940,9606,9.792883,4.7941914
A0A0K3AU72,792940,6239,9.364101,5.5388327
Q9UPY6,792940,9606,9.992495,4.965845
D9N008,792940,10090,9.607931,5.38999
M0R7E7,792940,10116,10.569943,5.754725
G3V9Q4,792940,10116,10.20333,6.015964
Q5AP71,792940,237561,10.436238,6.117487
Q6TJY3,792940,9913,10.287794,6.053415
P11717,792940,9606,8.950272,6.0861144
Q8TBA6,792940,9606,9.550974,4.790956
O14047,792940,284812,10.651807,6.103061
Q92734,792940,9606,9.433332,5.448367
A4FU91,792940,8355,9.7445135,5.1754694
X1WD79,792940,7955,9.729357,4.9517345
Q02750,792940,9606,10.564167,5.8880787
O43024,792940,284812,9.401564,5.335299
O08816,792940,10116,10.063289,5.036647
O74779,792940,284812,9.379987,5.3408494
Q5BJU7,792940,10116,9.88381,4.849835
Q03769,792940,559292,9.19892,5.5064178
F1MNP4,792940,9913,10.239767,6.030287
Q6P9Q6,792940,10090,9.687011,4.783946
Q9UU85,792940,284812,9.846171,5.688072
Q9P785,792940,284812,9.540079,5.4928946
Q9Y243,792940,9606,11.030658,5.383253
Q62598,792940,10116,9.425948,5.3666935
Q1MTN3,792940,284812,9.365324,5.3395853
F8W562,792940,7955,10.351885,6.022856
M0QXW7,792940,9606,10.471048,4.9195986
P97399,792940,10090,9.482684,5.391463
A1Z8P9,792940,7227,9.170218,5.1826205
Q01314,792940,9913,11.079744,5.2684484
P50552,792940,9606,9.853679,5.1259274
O43516,792940,9606,9.709668,5.216528
Q09904,792940,284812,9.399187,5.350805
Q9USR9,792940,284812,9.409124,5.3904862
K7EMR5,792940,9606,9.540024,4.7599196
Q9P7I2,792940,284812,10.63638,6.2355933
Q95S25,792940,7227,9.029289,5.3529277
Q7Z7M0,792940,9606,9.684928,4.7972527
Q9UJC3,792940,9606,9.620629,4.7414474
Q9VGF9,792940,7227,10.262114,6.094275
P68181,792940,10090,10.950837,5.657483
K7EJ48,792940,9606,9.603346,4.7234907
Q8N5G2,792940,9606,9.291178,5.125481
Q2QC85,792940,10116,10.366385,5.0264883
O01427,792940,6239,10.582332,6.2053666
A0A1D8PHU1,792940,237561,10.546759,6.143258
Q9ES74,792940,10090,10.76513,5.7898803
Q21443,792940,6239,9.041146,5.335062
O62602,792940,7227,10.725783,5.78225
Q7SXD7,792940,7955,9.457381,4.89193
Q92558,792940,9606,9.9427395,4.8797994
Q4X0V1,792940,330879,10.369545,6.143263
Q64303,792940,10116,10.021633,6.0811796
Q6NYX7,792940,7955,9.929607,5.187765
Q61036,792940,10090,9.859792,5.9898877
Q8CHG3,792940,10090,9.422333,4.863872
Q5B9A9,792940,227321,9.43802,5.370975
G5EDF7,792940,6239,10.713919,5.8720217
Q03141,792940,10090,10.099764,5.8858337
Q6P9Q4,792940,10090,9.77904,4.7617173
O00506,792940,9606,10.412223,5.980035
P60882,792940,10090,9.544965,4.7238903
Q9BXA7,792940,9606,10.621064,5.7130756
Q9VXN3,792940,7227,9.65489,4.7766747
Q24315,792940,7227,9.446734,5.465079
Q08379,792940,9606,9.686607,4.768885
Q7KZI7,792940,9606,10.029052,5.859193
Q7KPX5,792940,7227,10.580472,5.8296766
A0A1D8PJD1,792940,237561,8.984714,5.4035554
M0R302,792940,9606,9.67864,5.2394295
Q550H6,801484,44689,13.060344,-0.2794466
O76742,801484,7227,13.408392,-0.4366884
P35279,801484,10090,12.442798,-0.4956042
P23640,801484,10116,12.502021,-0.4068509
I7FN62,801484,6239,13.803863,-0.008660322
A8K5R1,801484,9606,12.778542,-0.13584544
P28185,801484,3702,13.719549,-0.10992959
P55258,801484,10090,13.244389,0.10985906
Q9R0M6,801484,10090,13.319911,-0.4345663
Q9FE79,801484,3702,13.6976,-0.10917743
E9PMJ1,801484,9606,12.890603,-0.05754295
O04157,801484,3702,13.325292,-0.41173908
O76901,801484,7227,12.620026,-0.24930364
P62820,801484,9606,13.293099,0.11479092
P20339,801484,9606,13.180954,-0.6166616
Q7ZW88,801484,7955,13.638257,-0.21168849
Q23146,801484,6239,13.399698,-0.48301956
Q9C9U7,801484,3702,12.81485,-0.1879698
Q95UJ0,801484,43137,13.217492,-0.48646337
Q9UL26,801484,9606,12.775293,-0.54722285
P25228,801484,7227,13.194692,-0.097649306
Q6PHN9,801484,10090,13.080985,0.11505695
X6RFL8,801484,9606,13.102088,0.027033558
O01577,801484,6239,13.785515,-0.034353692
O18334,801484,7227,12.451482,-0.47445396
Q55FK2,801484,44689,12.50616,-0.39756933
D6XLL1,801484,185431,12.408424,-0.4267556
A0A0G2JT78,801484,10116,12.464458,-0.48431045
Q9H0U4,801484,9606,13.228565,0.089583024
A0A1D8PHR9,801484,237561,12.918522,-0.4221823
Q86YS6,801484,9606,12.908335,-0.2887657
Q7T3A4,801484,7955,13.17939,0.1312768
Q8MYF2,801484,44689,13.007941,-0.44510275
Q9UL25,801484,9606,12.407085,-0.52356094
Q558I0,801484,44689,12.546605,-0.32192802
P51147,801484,9615,13.146078,-0.6930438
Q9LZD4,801484,3702,13.240271,0.041454647
Q86JP3,801484,44689,12.94118,-0.57935923
P36017,801484,559292,12.630796,-0.44827935
Q580S0,801484,185431,12.397829,-0.4473922
P36409,801484,44689,13.5062065,0.09491901
Q9SMR4,801484,3702,12.4163475,-0.4362338
B0BNK1,801484,10116,13.147835,-0.70471954
O24466,801484,3702,13.225133,-0.0747385
Q6GQP4,801484,10116,12.975981,-0.59358275
Q96283,801484,3702,13.710529,-0.116285525
Q9VC31,801484,7227,12.512995,-0.40524265
D6XLJ6,801484,185431,12.467845,-0.53332937
P20338,801484,9606,12.808063,-0.16901538
P91857,801484,6239,13.159676,-0.7538113
Q99P58,801484,10090,12.456333,-0.47403768
P32939,801484,559292,13.143283,-0.42671162
Q586J5,801484,185431,12.371769,-0.39005274
P70550,801484,10116,13.172447,0.12364122
Q95QV3,801484,6239,13.196048,-0.16753311
E9PI18,801484,9606,12.952561,-0.00046105852
Q99P74,801484,10116,12.483985,-0.4066173
Q6DUB4,801484,43137,13.265823,-0.49584824
P62822,801484,9615,13.327882,0.11425846
P63012,801484,10116,13.213501,-0.1377839
C0H516,801484,36329,13.223237,-0.4394331
Q54NU2,801484,44689,13.189096,0.10013614
Q9LNK1,801484,3702,12.6605835,-0.18707395
Q8BHD0,801484,10090,12.913815,-0.20124511
Q5JT25,801484,9606,12.536685,-0.34026647
O49513,801484,3702,13.775945,-0.066110104
A4D1S5,801484,9606,12.649692,-0.20177796
A0A2H3HA93,801484,5518,13.370831,-0.4335075
Q9FJN8,801484,3702,13.442967,-0.1560283
P0CY31,801484,237561,12.76301,-0.24546503
P92963,801484,3702,13.762045,-0.025003754
P59279,801484,10090,13.764031,-0.048332054
Q95RH7,801484,7227,12.474529,-0.45282125
P59190,801484,9606,12.731682,-0.2901788
Q6PHI9,801484,7955,12.787987,-0.13352644
Q63483,801484,10116,13.657037,-0.20275883
Q99P75,801484,10116,13.346882,-0.4347897
P11023,801484,9913,13.193551,-0.1314754
Q9XWR6,801484,6239,12.380615,-0.3245953
Q7T0S5,801484,8355,13.1574,-0.7127395
Q22782,801484,6239,12.461996,-0.45071915
Q9ZRE2,801484,3702,13.30925,0.14385818
Q9NP90,801484,9606,13.352821,-0.38154554
Q6AXT5,801484,10116,12.478261,-0.5351576
Q9H0N0,801484,9606,12.491582,-0.3427224
Q63941,801484,10116,13.06029,-0.13758154
Q99KL7,801484,10090,14.594185,3.7341604
Q9LNW1,801484,3702,13.7342615,-0.100895956
P28186,801484,3702,13.231724,-0.045440704
Q96AH8,801484,9606,14.673174,3.860926
P34213,801484,6239,12.462428,-0.50912505
Q9WVB1,801484,10116,12.484174,-0.47092453
Q8BHH2,801484,10090,13.314533,-0.41276327
Q5B6I8,801484,227321,13.087166,-0.7337475
P18067,801484,9615,13.41735,-0.4169724
P61020,801484,9606,13.147304,-0.6995178
P31582,801484,3702,13.097587,-0.748535
P34140,801484,44689,13.114319,0.14389586
A0A024R5J5,801484,9606,12.443209,-0.47035268
P36019,801484,559292,12.415694,-0.49715042
Q9DEW9,793104,7998,12.42088,-7.0530276
A1CFL5,793104,344612,11.998745,-7.91641
P17178,793104,10116,12.974256,-7.9351363
P10633,793104,10116,12.636788,-7.09966
Q1JQ70,793104,7955,12.366295,-7.736766
P11712,793104,9606,13.166078,-6.480231
P12790,793104,10090,13.095948,-6.5532384
P05182,793104,10116,12.83667,-6.7867146
P33260,793104,9606,13.226857,-6.421997
A1CFL6,793104,344612,11.972088,-7.8835416
Q9WV19,793104,10090,13.261726,-6.4029703
P11715,793104,10116,12.048597,-7.9311376
P05183,793104,10116,11.692947,-6.9276266
Q8QFT4,793104,9031,13.1734085,-6.463185
P08683,793104,10116,13.201901,-6.434579
Q32LT1,793104,7955,11.684077,-6.9751434
Q08AG9,793104,9606,12.60866,-7.24271
Q7SYJ6,793104,7955,12.900868,-8.050696
P14137,793104,10116,12.922251,-8.060688
P51869,793104,10116,12.091447,-7.5212154
O35084,793104,10090,12.698832,-7.8226676
Q8UW07,793104,7955,12.418197,-7.7450547
P20813,793104,9606,13.229568,-6.4784293
P49430,793104,10116,12.031756,-7.6415358
Q7Z449,793104,9606,12.598251,-7.261291
Q64458,793104,10090,13.225016,-6.4215865
Q8K0C4,793104,10090,12.075619,-8.677773
P10632,793104,9606,13.18741,-6.460016
P27786,793104,10090,12.023461,-7.922296
D4A820,793104,10116,12.908809,-6.8678403
Q9JKJ9,793104,10090,12.637842,-8.584935
P24470,793104,10116,13.195791,-6.436807
Q64429,793104,10090,12.5295925,-7.729966
Q9VE00,793104,7227,12.113903,-8.113653
Q9DBG1,793104,10090,12.967615,-7.998767
O54750,793104,10090,12.683386,-6.9836774
P10610,793104,10116,13.270601,-6.3855176
X5L565,793104,9615,11.72033,-6.957833
P50859,793104,284593,12.026202,-8.536246
Q9Y6A2,793104,9606,12.889989,-7.8325877
Q9V770,793104,7227,11.7183895,-7.1063623
B7Z1F5,793104,9606,13.216324,-6.433563
Q64459,793104,10090,11.695512,-6.948364
Q2TW05,793104,510516,11.96212,-7.885706
O35132,793104,10116,12.76484,-7.836433
P98187,793104,9606,12.043913,-7.5145483
F6P2A1,793104,7955,12.486587,-7.248709
Q59K96,793104,237561,11.961254,-8.019075
P24903,793104,9606,13.208975,-6.508578
Q6VVX0,793104,9606,12.57352,-7.206937
Q07973,793104,9606,12.189789,-8.004236
Q5U396,793104,7955,12.4922495,-7.6454086
P05180,793104,9031,13.157254,-6.46528
P05108,793104,9606,12.974248,-8.002211
P51538,793104,10116,11.721084,-6.9261823
P24463,793104,9615,11.691002,-6.9766026
Q924D1,793104,10090,12.690742,-6.987689
B8N2C8,793104,332952,12.008889,-8.624528
O09158,793104,10090,11.698205,-6.951649
P33274,793104,10116,12.067628,-7.5202928
P10614,793104,559292,12.034105,-8.555104
Q16678,793104,9606,12.539044,-7.6703196
Q9VL92,793104,7227,11.951243,-7.8612623
P12939,793104,10116,12.6229315,-7.1429806
P51871,793104,10116,12.01939,-7.584702
X5L1L5,793104,9615,11.712403,-6.9556055
Q60991,793104,10090,12.788677,-8.676072
P79401,793104,9823,11.753525,-6.985625
Q16696,793104,9606,13.28262,-6.3773975
Q6XVG2,793104,10090,13.063652,-6.5653753
Q9NGX9,793104,7227,12.677551,-8.000853
P20815,793104,9606,11.719786,-6.9705977
P22680,793104,9606,12.652956,-8.541367
B8NUK6,793104,332952,12.050965,-8.633387
Q16850,793104,9606,12.113131,-8.718585
P00189,793104,9913,12.945987,-8.069757
A0A097HUX0,793104,7955,12.628584,-7.929393
P04167,793104,10116,13.227813,-6.4815154
Q7KR10,793104,7227,12.036902,-7.9823256
B8NFL5,793104,332952,12.023559,-8.608159
O75881,793104,9606,12.798696,-8.657119
G3V8J2,793104,10116,12.832181,-8.55721
P00184,793104,10090,12.466576,-7.6827188
Q9VLZ7,793104,7227,11.958311,-7.8143125
P00181,793104,9986,13.183025,-6.4564943
A0PJ31,793104,7955,12.480788,-7.610299
O02766,793104,9986,12.857549,-8.54139
Q09736,793104,284812,12.047644,-8.633308
Q9HB55,793104,9606,11.709541,-6.9450736
Q08477,793104,9606,12.118347,-7.470747
P00176,793104,10116,13.232376,-6.463699
P20852,793104,10090,13.232472,-6.392505
Q9Y0X6,793104,34649,9.602228,5.61943
Q64464,793104,10090,11.710558,-6.9475465
P13107,793104,10116,13.048203,-6.5708756
O88962,793104,10090,12.856224,-8.528925
O54749,793104,10090,12.670867,-6.978601
P19225,793104,10116,12.870298,-6.7535954
P56655,793104,10090,13.142569,-6.49049
Q8TAV3,793104,9606,12.762219,-7.1850505
F1QCK2,801531,7955,5.5040293,7.041456
Q54W24,801531,44689,5.214572,6.6657314
Q0WML0,801531,3702,5.7099133,6.9045033
Q55GB1,801531,44689,4.4242325,6.13108
Q8ILJ9,801531,36329,4.91483,6.4670253
O02086,801531,6239,5.485589,6.8892198
Q7KU30,801531,7227,9.853395,5.759371
Q9M3D6,801531,3702,1.3687117,7.074113
P40416,801531,559292,5.5590005,7.3710694
Q02592,801531,284812,5.4810286,6.9209294
Q9AT00,801531,3702,8.00917,6.4725194
Q9TZD9,801531,6239,5.488307,6.9219484
Q8VZZ4,801531,3702,5.371007,6.8328104
Q9FUT3,801531,3702,5.4887753,7.506074
Q08234,801531,559292,4.3815703,6.659092
P45844,801531,9606,2.9371154,6.7158704
Q9NP58,801531,9606,5.4513755,7.102325
Q8RXN0,801531,3702,4.10665,6.6336417
Q9C8K2,801531,3702,4.083872,6.6786294
Q61102,801531,10090,5.472302,7.4998493
Q55DA0,801531,44689,4.201382,6.7605805
Q9M0G9,801531,3702,5.475636,7.4501114
Q54VJ0,801531,44689,5.0379457,6.5421195
P58428,801531,10116,4.2824616,6.8311343
Q9C6W5,801531,3702,4.1568947,6.7911167
O14286,801531,284812,5.4929833,7.430389
Q9LVM1,801531,3702,5.498283,7.4757338
Q9SZR9,801531,3702,4.1524377,6.781606
Q54CG0,801531,44689,4.4146047,6.107604
Q99PE7,801531,10116,4.1940618,6.778014
Q54R52,801531,44689,4.920389,6.442811
Q93YS4,801531,3702,3.9796631,6.702453
A0A1D8PQ95,801531,237561,4.357614,5.9667935
Q9CXJ4,801531,10090,5.495843,7.389831
Q4X006,801531,330879,4.3143177,5.9171796
Q38EU8,801531,185431,4.2702775,6.7555213
Q8T673,801531,44689,4.422083,6.0913687
P10090,801531,7227,4.143118,6.787679
Q38AM7,801531,185431,4.2148323,6.802983
O44897,801531,6239,5.4145765,6.8678665
Q96J66,801531,9606,5.2668905,6.848355
Q80W57,801531,10116,0.69705504,6.689547
Q9M9E1,801531,3702,4.362098,6.2955656
A0A1D8PQ34,801531,237561,5.3300457,6.7440376
A4QNW0,801531,7955,2.945377,6.732461
Q556W2,801531,44689,4.45762,6.160455
P40550,801531,559292,4.5128765,6.199618
P51533,801531,559292,4.3360624,5.91054
P33311,801531,559292,5.4775643,6.9104443
Q9LFG8,801531,3702,1.166442,7.1262493
Q91WA9,801531,10090,2.935807,6.71832
G4SRS5,801531,6239,5.476465,7.5106955
Q8H8V7,801531,39947,1.2480851,7.127779
Q7DM58,801531,3702,5.402202,6.867599
E9RBG1,801531,330879,4.2790213,5.9079022
Q54BU4,801531,44689,5.150234,6.6176457
Q9SGY1,801531,3702,5.6913767,6.795043
Q9C8J8,801531,3702,4.054729,6.6959424
Q9Y7M7,801531,284812,5.5441394,7.0546837
A0A1D8PCM6,801531,237561,4.7770123,6.4264193
Q9XIE2,801531,3702,4.3749638,6.3100038
Q99PE8,801531,10090,4.1642556,6.76453
Q9M1Q9,801531,3702,5.7091346,6.816564
Q0E8U2,801531,7227,2.9927223,6.7187014
Q9STT5,801531,3702,8.581824,6.221658
Q11180,801531,6239,4.164604,6.8026414
Q9ZR72,801531,3702,5.7096148,6.8036556
Q7PC87,801531,3702,4.3744597,6.345419
Q8T686,801531,44689,4.886371,6.4168367
O75027,801531,9606,5.4795384,7.4747987
Q704E8,801531,10116,5.4782476,7.491588
Q9H172,801531,9606,2.9468374,6.7176857
Q9H222,801531,9606,4.1330543,6.8242764
Q02785,801531,559292,4.377557,5.996821
Q64343,801531,10090,2.9435883,6.720922
Q9M0M2,801531,3702,5.735803,6.8237953
Q9UNQ0,801531,9606,0.6528952,6.6276283
H2LNR5,801531,8090,5.5061326,7.4861693
Q6FK23,801531,284593,4.3072133,5.879622
Q54P13,801531,44689,5.323327,6.752497
Q04182,801531,559292,4.318035,5.8908563
P33302,801531,559292,4.3562183,5.835753
Q54TV1,801531,44689,4.760709,6.3850064
Q9LSJ6,801531,3702,5.625321,6.7475657
Q9LJX0,801531,3702,5.724064,6.843588
Q54HM0,801531,44689,4.8771477,6.4261127
Q8H1R4,801531,3702,7.571564,6.6368012
O74208,801531,284593,4.324694,5.8776865
Q9FWX8,801531,3702,5.7826595,6.8238087
Q8T6H3,801531,44689,4.9955025,6.5011497
Q9EPG9,801531,10116,2.9138649,6.7040315
Q7K6A5,801531,36329,5.0136056,6.5008464
Q9LK64,801531,3702,5.456153,6.8786144
P43569,801531,559292,8.405407,6.301082
Q8ST66,801531,44689,4.862804,6.420979
O81016,801531,3702,4.4088397,6.3453617
Q9XF19,801531,3702,8.40218,6.3323846
G3V642,801531,10116,2.9445975,6.73251
E7F6F7,801531,7955,5.4732404,7.482661
P33310,801531,559292,5.620496,6.919285
Q9I2C7,990642,208964,7.4970293,7.955057
P72151,990642,208964,8.91771,7.3995314
Q9I4L5,990642,208964,7.544507,7.9184017
Q8Z1P4,990642,90370,7.2080555,7.7739825
Q71WH7,990642,265669,7.274292,7.349789
P37478,990642,224308,7.2195606,7.557603
O31986,990642,224308,8.413854,6.0644703
Q9A5I5,990642,190650,7.265,7.893194
Q8NU97,990642,196627,8.249844,6.872333
Q6N5G2,990642,258594,7.6726236,7.8910885
P74598,990642,1111708,7.9614763,7.331502
P9WN31,990642,83332,7.264702,6.937831
P10958,990642,266834,7.251163,7.880827
Q9HV55,990642,208964,8.197627,7.5963907
P24072,990642,224308,7.2211103,7.8134217
Q56572,990642,55601,8.916812,7.5478625
Q7TXM1,990642,233413,7.6942673,7.9252825
P56427,990642,85962,8.742145,6.199227
P22260,990642,190485,7.565828,7.8095994
P0AEA4,990642,83334,8.385251,7.556608
Q9I9P2,990642,9031,9.31979,5.3004203
Q2YQA4,990642,359391,7.2165227,7.7336693
Q9ZB73,990642,243273,8.423849,6.1693754
Q04641,990642,623,8.177531,7.5281587
C3J8X2,990642,553175,7.591057,8.484468
P9WH83,990642,83332,8.79635,7.7009015
Q9S1E6,990642,273121,8.654457,6.1779733
Q9I298,990642,208964,7.4914813,8.139484
P30855,990642,83333,7.737224,7.8041058
Q9I1Y3,990642,208964,7.53042,7.9909115
O88274,990642,10090,9.351784,5.342265
P9WGK9,990642,83332,7.59793,7.7690334
Q9I0Q6,990642,208964,7.71066,7.930084
Q8KQL6,990642,2148,7.569891,6.9268594
Q56086,990642,90370,8.963646,7.1568727
Q9X1Z1,990642,243274,7.4195175,6.780871
Q7BU54,990642,34,8.630364,6.299542
Q4UZF6,990642,314565,7.572964,7.8028855
Q4UU85,990642,314565,7.4744587,7.971166
P29072,990642,224308,7.3468637,7.4566126
Q9LA06,990642,272623,8.181933,7.1251063
Q9HZ64,990642,208964,7.4768734,8.089855
P40758,990642,224308,7.2871327,7.249704
Q9HZZ4,990642,208964,7.345171,7.9179063
P50350,990642,266834,7.244923,7.8023443
P9WQA5,990642,83332,7.599758,8.20944
Q9WYC4,990642,243274,5.9286013,6.9629183
Q9HXW2,990642,208964,7.551028,7.9225903
Q9I757,990642,208964,7.3926587,7.9716916
O34814,990642,224308,7.0715485,7.2352257
P73594,990642,1111708,7.9925604,7.2879868
Q52880,990642,266834,7.3759093,7.943905
P73069,990642,1111708,8.030649,7.181988
O31435,990642,224308,7.378429,7.230749
Q06904,990642,1140,7.9009776,7.4080386
D0AB41,990642,79880,7.6253357,6.91859
P23620,990642,208964,7.203339,7.683113
Q9K2S2,990642,224308,6.8531885,7.264087
Q9KQW9,990642,243277,5.8545494,6.9947643
O67577,990642,224324,7.39175,6.649603
Q9I072,990642,208964,7.409335,7.956776
Q9I750,990642,208964,7.7752023,7.8768106
B3EY95,990642,435,7.7778487,6.8071632
P44918,990642,71421,7.2396693,7.763078
Q7TXL6,990642,233413,7.6840067,7.8878846
P71052,990642,224308,7.1851125,7.061562
Q56310,990642,243274,7.308715,6.8998923
O34755,990642,224308,6.9593287,7.2868066
O05229,990642,224308,6.7989287,7.2608266
P0DM78,990642,99287,7.2029934,7.7464347
P06534,990642,224308,7.250354,7.6670923
Q51373,990642,208964,7.280599,7.909751
P0CAW8,990642,190650,7.2012024,7.779075
Q51426,990642,208964,7.784965,7.6769114
Q9I0R4,990642,208964,7.4749928,7.912436
Q01578,990642,264203,7.5721874,8.435264
Q9AE09,990642,196627,7.810823,7.697196
Q5HR28,990642,176279,7.1908946,7.5840673
Q55168,990642,1111708,7.567361,7.694694
Q9WXF2,990642,243230,7.6963744,7.806332
Q9HWR3,990642,208964,7.565549,7.9790893
Q93P59,990642,34,8.501952,6.3769655
Q99YM9,990642,301447,7.2349324,7.536855
P17894,990642,224308,7.2909074,7.47519
P9WJU3,990642,83332,7.754124,7.585966
P73595,990642,1111708,7.9945326,7.258334
P9WLR5,990642,83332,7.781763,7.7907968
Q9I0I9,990642,208964,6.8275003,7.2850056
P45779,990642,243277,8.26156,7.52767
P29283,990642,1140,7.5658927,7.6855474
Q8DPV9,990642,171101,7.770135,6.970435
Q8DMT2,990642,197221,7.872444,7.456842
Q9A3G8,990642,190650,7.7238383,7.8199725
P26275,990642,208964,7.329974,7.939268
Q9RBS0,990642,267608,9.34341,5.4784465
P73314,990642,1111708,8.815099,7.7081723
O34507,990642,224308,7.989735,7.075417
P75302,990642,272634,8.452398,6.2056794
Q9HUG8,990642,208964,5.8300557,6.9839463
Q97SR6,990642,170187,7.786817,7.618265
Q9VRM7,802109,7227,12.607457,-8.153766
Q9LW27,802109,3702,13.064215,-10.816875
P15539,802109,10090,12.987394,-7.9339657
Q9T093,802109,3702,12.676843,-9.237216
O23066,802109,3702,12.284684,-11.398256
Q6TBX7,802109,3702,12.0807705,-9.128844
Q9LVY7,802109,3702,12.534659,-9.34191
O16220,802109,6239,11.987523,-7.9671903
Q5VRI5,802109,39947,12.70395,-10.408261
O49652,802109,3702,12.897602,-10.578616
Q9LNJ4,802109,3702,12.815771,-10.496493
B1NF18,802109,3469,12.877882,-10.262948
O22203,802109,3702,12.77189,-10.417743
Q9FHC8,802109,3702,12.291663,-11.39876
Q9NR63,802109,9606,12.714377,-8.904784
Q5TCH4,802109,9606,12.847461,-7.774227
A2A974,802109,10090,12.118397,-7.386849
K4CEE8,802109,4081,12.389883,-9.243918
Q3TR45,802109,10090,12.973377,-7.978902
Q54SK0,802109,44689,11.969443,-7.9291205
P30100,802109,10116,12.960181,-7.885932
Q6Z6D6,802109,39947,12.438876,-9.062741
P92994,802109,3702,12.081653,-9.148446
Q9FMV7,802109,3702,12.284969,-11.408422
E9KBR8,802109,3847,12.876508,-10.558743
Q9LMM1,802109,3702,12.283255,-11.402973
A0A3Q7HS74,802109,4081,12.47582,-9.305522
P79739,802109,7955,12.630169,-8.958568
P15393,802109,10116,12.958152,-7.9905734
Q9LZ31,802109,3702,12.7039585,-9.867001
G3V7X8,802109,10116,12.696964,-8.870918
Q9LUD2,802109,3702,12.685592,-9.285783
O64697,802109,3702,12.3488035,-8.8420315
Q9LXX7,802109,3702,12.294986,-11.405867
Q66GJ1,802109,3702,12.863508,-10.52573
Q8VIL0,802109,10116,12.498593,-8.900612
Q3UQH5,802109,10090,12.9780445,-7.9778776
Q9LUC5,802109,3702,12.69199,-9.278404
Q9SAE4,802109,3702,13.056595,-10.820379
Q940V4,802109,3702,12.658129,-9.252947
A8Y592,802109,7227,12.560265,-8.167169
O23051,802109,3702,12.623367,-9.180776
F4JLY4,802109,3702,12.877473,-10.525736
O55127,802109,10090,12.492997,-8.913559
Q6EIG3,802109,7955,12.69853,-8.877413
K4CI52,802109,4081,12.104399,-9.197013
A1L1M2,802109,7955,12.727619,-8.891543
O64635,802109,3702,12.946938,-10.688853
Q9SAE3,802109,3702,13.036713,-10.788829
P24464,802109,10116,12.098709,-7.3586183
Q9CAD6,802109,3702,12.28195,-11.40755
Q9SQY7,802109,3702,12.708099,-9.897402
Q9LJK2,802109,3702,12.234494,-9.225589
P15538,802109,9606,13.001095,-7.820639
Q5CCK3,802109,39947,12.371997,-9.047079
Q8GSQ1,802109,39947,12.624346,-9.223456
Q0JFI2,802109,39947,12.754571,-10.464138
P20817,802109,10116,12.102308,-7.337983
Q2QUC5,802109,39947,12.7478895,-10.457138
Q9LXB3,802109,3702,12.881817,-10.564938
Q6YTF1,802109,39947,12.736892,-10.483543
Q9C5Y2,802109,3702,12.619804,-9.2654
Q9SQY6,802109,3702,12.726182,-9.938215
A0A3Q7HBJ5,802109,4081,12.411455,-9.237677
O80823,802109,3702,12.264137,-11.424995
O44649,802109,6239,11.993047,-7.963363
L7X3S1,802109,3469,12.874889,-10.570104
Q7EZR4,802109,39947,12.771232,-10.47904
H1A981,802109,3880,12.681399,-9.262239
Q9ZU07,802109,3702,13.094189,-10.848178
A5BFI4,802109,29760,12.380735,-9.239883
Q9SD85,802109,3702,12.817759,-10.509346
F8S1H8,802109,4232,13.057602,-10.788119
Q9FMY1,802109,3702,12.284715,-11.409668
O13820,802109,284812,12.193734,-8.672159
Q9LTM4,802109,3702,13.081111,-10.795572
D5JBX0,802109,4232,13.089606,-10.840498
F8S1H3,802109,4232,13.081541,-10.83132
O65787,802109,3702,13.035219,-10.781305
G5ECD0,802109,6239,11.98179,-8.018163
Q57WV1,802109,185431,8.372997,6.3598304
Q304P5,802109,10116,12.520976,-8.855786
Q9LTM0,802109,3702,13.08837,-10.840862
Q42569,802109,3702,12.30343,-9.172058
Q9FH76,802109,3702,12.079783,-9.155153
Q9PUB4,802109,9031,12.509861,-8.872154
P08516,802109,10116,12.051958,-7.3082147
Q9LUD3,802109,3702,12.660448,-9.24014
Q9LQ25,802109,3702,12.958555,-10.697003
Q811W2,802109,10090,12.733915,-8.819818
Q3TG86,802109,10090,12.929764,-8.01487
Q9FH66,802109,3702,13.003456,-10.733434
P58050,802109,3702,13.077708,-10.829405
Q0WTF4,802109,3702,12.850605,-10.49359
Q9SWR5,802109,3847,12.8172455,-10.49631
G3V861,802109,10116,12.531003,-8.854157
Q9ZUX1,802109,3702,12.305364,-11.38944
A0A140JWM8,802109,3702,12.514001,-9.305696
Q9SAA9,802109,3702,12.077077,-9.15418
O64698,802109,3702,12.353117,-8.73474
P87110,793066,284812,0.26874706,9.894309
P38695,793066,559292,0.17672355,10.432505
A0A1D8PH98,793066,237561,0.29341406,9.900691
Q9C101,793066,284812,1.2019601,10.042824
Q5AYG1,793066,227321,0.13666116,10.51901
Q9XXR3,793066,6239,0.18313105,9.702202
Q59Q30,793066,237561,1.1010491,10.075974
Q8MLQ7,793066,7227,-0.01209663,8.942839
Q6DFZ5,793066,7955,-0.9710098,8.77947
P32467,793066,559292,0.13328736,10.452492
P43581,793066,559292,0.14611661,10.487802
Q6PXP3,793066,9606,-0.95561105,8.515056
Q9Z0E8,793066,10090,-0.33751288,8.217722
Q9JIF3,793066,10090,-0.3738782,8.684131
Q9P3U7,793066,284812,0.2866602,10.2469845
P22732,793066,9606,-1.0553159,8.626768
O76082,793066,9606,-0.3402725,8.220605
Q9Z306,793066,10090,-0.35232612,8.233017
Q59VZ0,793066,237561,0.27050835,10.301735
P40886,793066,559292,0.25434342,10.307035
Q8J0V1,793066,5061,0.17670251,10.5180645
Q9BYW1,793066,9606,-0.5532194,8.239736
P39932,793066,559292,0.2929224,10.260204
Q8BG39,793066,10090,0.95109826,7.3007627
Q9H015,793066,9606,-0.326172,8.281144
P40885,793066,559292,0.18643467,10.402307
Q6A4L0,793066,10090,-0.3353792,8.305851
P30605,793066,559292,0.33373114,9.895963
O74969,793066,284812,0.2407712,10.312148
C3RUD8,793066,7955,-0.020302571,8.988557
P28568,793066,9031,-1.0763483,8.691203
P11166,793066,9606,-1.0904491,8.660074
Q7T3D2,793066,7955,-0.36386544,8.219157
P32465,793066,559292,0.14858162,10.440461
Q6NWF1,793066,7955,-0.03862596,8.850146
Q102R8,793066,7955,-1.0128065,8.726686
P39003,793066,559292,0.10838638,10.514176
Q9Y7Q9,793066,284812,1.1207137,10.077581
P11169,793066,9606,-1.1001573,8.690516
Q3T9X0,793066,10090,0.612284,6.573137
P32466,793066,559292,0.16314691,10.454483
P47185,793066,559292,0.253538,10.303391
Q8BFW9,793066,10090,0.029672364,8.838045
Q7KJP2,793066,7227,-0.07213023,9.018793
Q3UDF0,793066,10090,-0.2649402,8.759267
Q91WU2,793066,10090,-0.33380297,8.285976
P14246,793066,10090,-1.0380543,8.715008
Q9WV38,793066,10090,-1.0736159,8.617977
Q95R48,793066,7227,-0.33005995,8.235487
O44827,793066,6239,-0.69605714,8.885309
Q3ZAV1,793066,10116,-0.4464563,8.116534
Q8TD20,793066,9606,0.08354298,8.834084
Q7L1I2,793066,9606,0.94848126,7.337779
Q9R141,793066,10116,-0.36979213,8.217374
Q21455,793066,6239,0.14647241,9.6954775
Q9Y694,793066,9606,-0.31850266,8.2799225
P46896,793066,9031,-1.1046835,8.662762
Q02563,793066,10116,0.9927715,7.2529254
P23585,793066,559292,0.17640387,10.448752
F1R0Q1,793066,7955,-1.1127616,8.684466
Q921A2,793066,10116,-0.062340222,9.075366
P39004,793066,559292,0.11043706,10.510381
Q10286,793066,284812,0.28160578,9.925352
P27674,793066,9913,-1.0982956,8.666944
Q9P3U6,793066,284812,0.26830515,10.261373
P19357,793066,10116,-0.9409301,8.57631
W7MAT5,793066,334819,0.2836188,10.176475
Q7PIR5,793066,7165,0.82706267,8.343545
Q9NY64,793066,9606,-0.35898998,8.694397
O59932,793066,284812,0.30775353,10.114967
Q9Z2I6,793066,10116,0.9657103,7.2708855
P53631,793066,559292,0.21167292,10.340805
Q96S37,793066,9606,-0.4141711,8.0093775
Q8VHD6,793066,10090,-0.39400592,8.1827545
P38142,793066,559292,-0.076171026,9.027651
F1R0H0,793066,7955,-0.018682783,8.912436
Q9UGQ3,793066,9606,-0.34187403,8.625641
A0A1D8PSH1,793066,237561,0.3499924,9.971849
A0A0E4G213,793066,7955,-0.33701685,8.27311
Q63564,793066,10116,0.9752523,7.2749786
Q8TFG1,793066,284812,0.25960866,10.253883
F1RB41,793066,7955,-0.14067143,8.912577
O42885,793066,284812,1.1222943,10.051661
P32037,793066,10090,-1.1169872,8.696929
P25346,793066,559292,1.1000686,10.076959
Q8MKK4,793066,7227,-1.178589,8.743677
Q5A8J5,793066,237561,0.24951135,10.345768
Q92339,793066,284812,0.30272663,10.125126
Q5B0S0,793066,227321,0.14873593,10.474302
Q5ASJ3,793066,227321,0.11232955,10.497914
A4IG77,793066,7955,-0.33761984,8.215367
P14142,793066,10090,-1.0014725,8.609401
Q12407,793066,559292,2.1764922,9.319532
Q3UHK1,793066,10090,0.022036873,9.039563
P17809,793066,10090,-1.1110713,8.633545
A9ZSY3,793066,7091,-0.8991179,8.830911
P11167,793066,10116,-1.1030068,8.656648
J9VTH9,793066,235443,15.0540495,8.790869
P25297,793066,559292,1.0750161,10.085511
A0A1D8PF54,793066,237561,1.1102237,10.077359
Q8VD48,792933,10116,6.2167563,10.372751
Q8NEX9,792933,9606,6.158389,10.518576
Q9BPX1,792933,9606,7.5924325,9.791789
Q9BPW9,792933,9606,6.227201,10.32667
Q76LB8,792933,10090,6.1911163,10.85371
G5EGA6,792933,6239,7.622742,9.800574
A0A384JQF5,792933,332648,7.6123238,9.811615
O74628,792933,284812,7.2873344,9.366445
Q27979,792933,9913,6.0483356,10.665619
Q10216,792933,284812,7.641273,9.688357
Q8N3Y7,792933,9606,6.353231,9.95229
Q13268,792933,9606,7.6474953,9.897854
Q9R092,792933,10090,6.1441073,10.5971365
P40580,792933,559292,7.4052963,9.6626
Q02337,792933,9913,6.3247337,9.959804
O18404,792933,7227,7.7537136,10.095958
Q8K5C8,792933,10090,6.176447,10.855187
Q99N15,792933,10090,7.765164,10.096745
Q920P0,792933,10116,7.8028684,10.296971
Q7K0F7,792933,7227,6.714159,9.674863
Q5AVU0,792933,227321,6.7881093,11.114092
Q6FIW5,792933,284593,7.5372977,9.780955
Q8BYK4,792933,10090,6.710343,9.718749
Q9VLU5,792933,7227,6.749893,9.600453
Q93761,792933,6239,7.72814,9.602376
P50171,792933,10090,7.718127,10.024107
O88876,792933,10090,6.142474,10.741453
P87219,792933,237561,7.6195116,9.735669
Q803A8,792933,7955,6.5817647,9.7191515
Q16698,792933,9606,7.6969924,9.605105
Q9W3H4,792933,7227,7.4039745,9.691628
Q6CEE9,792933,284591,7.637113,9.838991
Q8NBN7,792933,9606,6.7715526,9.688344
A0A286Y8B5,792933,7955,6.207754,10.403844
Q02338,792933,9606,6.391952,9.905588
Q3V1Y2,792933,10090,6.193473,10.888357
Q7JUS1,792933,7227,6.7097244,9.712072
O08756,792933,10090,7.7614655,10.083062
Q561X9,792933,7955,7.768231,10.282996
Q5BBP1,792933,227321,7.3845406,9.632654
P47727,792933,10116,6.2880936,11.002169
Q92506,792933,9606,7.683238,9.978745
O74470,792933,284812,7.5820913,9.801363
Q8CEE7,792933,10090,6.698628,9.725498
Q05016,792933,559292,7.541578,9.749476
O75911,792933,9606,6.119564,10.768858
Q8MZG9,792933,7227,6.701801,9.680613
P0CU00,792933,284812,7.3094487,9.447841
A5JYX5,792933,6239,6.3104277,9.971357
Q6UX07,792933,9606,6.5708776,9.730655
Q80ZF7,792933,10116,6.337916,9.946348
P48758,792933,10090,6.300174,11.014951
Q9NZC7,792933,9606,6.6318827,9.693777
C8VI80,792933,227321,7.1622977,9.6738
Q2WF53,792933,7955,8.906294,6.127813
P16152,792933,9606,6.3057775,11.002576
Q91WL8,792933,10090,6.6155467,9.705289
Q9GKX2,792933,9986,7.741238,10.073403
Q6GNT6,792933,8355,6.1408935,10.617745
Q99LB2,792933,10090,7.778927,10.054983
O14756,792933,9606,6.1270027,10.681297
O13908,792933,284812,7.5724816,9.783353
Q00791,792933,227321,7.6584535,9.890936
A0A384MTY4,792933,9606,6.347834,9.955432
Q9W404,792933,7227,6.6027274,9.751536
A3LZU7,792933,322104,7.698907,9.926485
O14351,792933,284812,7.524862,9.723559
Q80XN0,792933,10090,6.3818097,9.917096
Q8VCR2,792933,10090,6.305505,9.969482
Q8TC12,792933,9606,6.6863494,9.720295
Q96NR8,792933,9606,6.6984353,9.698507
E9QUT3,792933,330879,7.584931,9.819499
Q7Z5P4,792933,9606,6.321604,9.953871
Q99MZ7,792933,10090,7.736978,9.664418
Q8VIJ7,792933,10090,6.1871634,10.865915
V9HW40,792933,9606,6.2352934,10.998835
P29147,792933,10116,6.3620033,9.927302
Q9NUI1,792933,9606,7.7444506,9.718384
Q9P7B4,792933,284812,7.5233483,9.773626
Q8IZV5,792933,9606,6.3666687,9.920581
Q91X52,792933,10090,7.810755,10.266306
Q28960,792933,9823,6.2604675,10.999871
P08074,792933,10090,7.7985077,10.178563
C9JQ90,792933,9606,6.3076057,9.957914
Q9QYF1,792933,10090,6.72754,9.761817
O75828,792933,9606,6.2393928,10.983383
A0A0G2K1R4,792933,10116,6.0534034,10.658883
Q9CYT3,792933,10090,7.742582,10.059495
Q8NK50,792933,51453,6.844322,11.009368
Q9WVK3,792933,10116,7.731627,9.621687
E3TDR7,792933,7998,7.7146335,10.029687
Q9CQ62,792933,10090,7.6591825,9.547915
Q92781,792933,9606,6.066665,10.672696
Q64591,792933,10116,7.657245,9.606672
C9JZP6,792933,9606,7.6788263,9.905825
Q9BUT1,792933,9606,7.7676377,10.321602
D6RIR6,792933,9606,7.581299,9.859763
Q7Z4W1,792933,9606,7.796909,10.294573
Q6UWP2,792933,9606,6.289826,10.979063
Q14RS1,792933,40559,7.5818853,9.8422165
Q3ZBU7,1028112,9913,2.1180117,-7.615854
P29514,1028112,3702,2.4996564,-8.412516
Q13885,1028112,9606,2.2619565,-7.9813404
Q94771,1028112,5691,3.9033363,-8.806965
Q9BUF5,1028112,9606,2.2442896,-7.9117036
P52275,1028112,6239,2.1388967,-7.6611705
Q9D6F9,1028112,10090,2.119418,-7.620251
C9JEV8,1028112,9606,2.6744633,-8.474701
Q6P9T8,1028112,10116,2.0983644,-7.5859118
P69897,1028112,10116,2.132901,-7.645118
P24633,1028112,227321,3.9422777,-9.022025
P29513,1028112,3702,2.5328703,-8.450719
Q71U36,1028112,9606,4.347679,-9.186371
Q19490,1028112,6239,4.1612463,-9.054479
Q5SU16,1028112,9606,2.1350145,-7.6527963
P24634,1028112,227321,3.9558177,-9.035015
P68363,1028112,9606,4.3348603,-9.166964
P09733,1028112,559292,3.99062,-9.034313
B1PBW7,1028112,3635,2.5593078,-8.490147
P83887,1028112,10090,0.7148248,5.7516513
P04688,1028112,284812,3.930186,-9.0069065
Q8VCK3,1028112,10090,0.7269992,5.7517047
P23257,1028112,7227,3.8159838,-8.498214
A1ZBL0,1028112,7227,2.3241985,-8.087653
P09734,1028112,559292,3.9130983,-8.994172
Q4QRB4,1028112,10116,2.2883317,-8.025717
A0A384MEE3,1028112,9606,2.2831993,-8.029724
A9PL17,1028112,3635,3.9945862,-9.063451
P68372,1028112,10090,2.1025794,-7.598785
A9PL21,1028112,3635,3.9863029,-9.089954
Q55AR3,1028112,44689,3.8738267,-8.788296
P06605,1028112,7227,4.3910956,-9.236465
P41937,1028112,6239,2.2426338,-7.957747
P83888,1028112,10116,0.7237402,5.7468176
K7ES63,1028112,9606,2.5510278,-8.143459
Q6ZLZ9,1028112,36329,3.9785705,-9.0560255
Q9NRH3,1028112,9606,0.72308445,5.748982
P32255,1028112,44689,3.889343,-8.9628935
P81947,1028112,9913,4.36933,-9.19813
P68369,1028112,10090,4.34799,-9.187379
P32256,1028112,44689,2.4509299,-8.33372
P04350,1028112,9606,2.1136932,-7.605506
P05213,1028112,10090,4.3875084,-9.2207
Q9VRX3,1028112,7227,2.3959851,-8.317503
P06603,1028112,7227,4.3466005,-9.193189
Q6DC49,1028112,7955,4.3348927,-9.172464
F8VQQ4,1028112,9606,3.834413,-8.930939
P25295,1028112,284812,3.8198144,-8.534234
P54401,1028112,5759,2.4962714,-8.299295
P24636,1028112,3702,2.561216,-8.503086
P68371,1028112,9606,2.080879,-7.573098
Q9JJZ2,1028112,10090,4.222558,-9.117456
Q767L7,1028112,9823,2.1388562,-7.643224
P29516,1028112,3702,2.5916717,-8.531522
P10653,1028112,227321,2.5774028,-8.489881
A2AQ07,1028112,10090,2.4920528,-8.405137
P42271,1028112,7227,3.8232348,-8.531886
P61857,1028112,7227,2.2836883,-8.032912
Q9BVA1,1028112,9606,2.2621758,-8.004342
B1PBW1,1028112,3635,2.539904,-8.488106
P68366,1028112,9606,4.2982855,-9.165802
P29511,1028112,3702,3.9949148,-9.099101
P38557,1028112,3702,3.7880988,-8.500518
Q9ERD7,1028112,10090,2.2813506,-8.012471
A0A1D8PC97,1028112,237561,2.4088445,-8.208702
B1PBV8,1028112,3635,2.5762246,-8.550871
Q6VAF8,1028112,3635,2.5316052,-8.451156
P81948,1028112,9913,4.2843122,-9.1552515
B1PBW2,1028112,3635,2.5463955,-8.473221
P38558,1028112,3702,3.8247054,-8.487518
Q9H4B7,1028112,9606,2.4843578,-8.397482
P05219,1028112,284812,2.2025604,-7.8396726
Q3ZCM7,1028112,9606,2.121843,-7.6299706
B1PBW6,1028112,3635,2.5535595,-8.493314
Q9BQE3,1028112,9606,4.390196,-9.234366
P0DPH8,1028112,9606,4.383219,-9.222688
A9PL20,1028112,3635,4.025155,-9.150224
Q60455,1028112,10029,2.1136873,-7.5956964
Q6PEY2,1028112,9606,4.4427433,-9.282585
P29517,1028112,3702,2.571958,-8.5436125
A9PL15,1028112,3635,3.9833715,-9.105722
P09206,1028112,9031,2.1035376,-7.595514
Q9CWF2,1028112,10090,2.3015935,-8.048481
P04689,1028112,284812,3.9676957,-9.025201
B1PBW0,1028112,3635,2.5504627,-8.49399
P53378,1028112,559292,2.4292054,-8.22144
Q4TZT6,1028112,3635,2.557861,-8.487221
P23258,1028112,9606,0.71969247,5.745496
Q6AYZ1,1028112,10116,4.406736,-9.222416
P12456,1028112,6239,2.238629,-7.9574704
Q6NWK7,1028112,7955,4.3622794,-9.195906
Q5VLK2,1028112,10029,4.4058423,-9.220562
P34475,1028112,6239,2.4194536,-8.196523
Q9NY65,1028112,9606,4.243294,-9.087591
Q6VAF5,1028112,3635,2.4855056,-8.371649
O18688,1028112,6239,4.276497,-9.124608
P91910,1028112,6239,4.160305,-9.057187
P07437,1028112,9606,2.1324897,-7.685486
Q8H6N0,1028112,3635,2.5765457,-8.487677
P06604,1028112,7227,4.3469505,-9.224559
P84084,1027819,10090,16.826252,3.9969745
P84079,1027819,10116,17.166729,4.209014
Q19705,1027819,6239,15.961697,3.6949365
O08697,1027819,10116,15.251034,3.8506336
Q9VHV5,1027819,7227,14.960396,3.8415265
Q13795,1027819,9606,16.368156,3.3584404
Q23445,1027819,6239,27.154743,11.859097
P36397,1027819,3702,17.05942,4.117543
P36536,1027819,10090,27.096857,11.917092
Q57XJ5,1027819,185431,16.211313,3.5013406
Q59S78,1027819,237561,27.141445,11.872503
Q8BSL7,1027819,10090,17.174337,4.2233925
Q8VY57,1027819,3702,15.693604,3.7902205
O88848,1027819,10090,16.484095,3.295527
O80489,1027819,3702,27.122078,11.891888
Q9VD64,1027819,7227,16.207775,3.5300217
Q38D64,1027819,185431,16.790796,3.970761
Q09767,1027819,284812,16.075256,3.6273146
Q8I1S0,1027819,36329,27.128138,11.885814
B5DG68,1027819,8030,17.128689,4.187679
Q94231,1027819,6239,16.54562,3.6804104
P61209,1027819,7227,17.179214,4.2184944
P38116,1027819,559292,16.330273,3.6338918
P62331,1027819,10090,17.390785,2.9384706
P20606,1027819,559292,27.133823,11.880113
Q9H0F7,1027819,9606,16.461575,3.3109677
Q18510,1027819,6239,16.477,3.2949529
Q95SY7,1027819,7227,27.107317,11.906559
P61212,1027819,10116,16.159643,3.9334142
Q5AMP3,1027819,237561,16.296017,3.6875167
P62332,1027819,10116,17.389145,2.9391532
P40946,1027819,7227,17.38145,2.9443152
P25160,1027819,7227,16.348999,3.7487795
E9ADU4,1027819,5664,16.254665,3.504543
P11076,1027819,559292,16.992754,4.0938377
Q803D1,1027819,7955,17.14538,4.1976485
O00909,1027819,44689,16.899225,4.012994
P36579,1027819,284812,17.083529,4.1372495
Q585W3,1027819,185431,16.389875,3.379559
P61211,1027819,10090,16.160177,3.907339
Q8BXL7,1027819,10090,16.391575,3.3800771
P26990,1027819,9031,17.392176,2.9373066
Q1MTE5,1027819,7955,16.026257,3.6481924
Q9CQW2,1027819,10090,14.980217,3.8579423
Q38BH5,1027819,185431,15.582863,3.7853208
Q9VSG8,1027819,7227,16.496784,3.4384933
Q9Y7Z2,1027819,284812,16.647873,3.7436354
B2R7U5,1027819,9606,14.962845,3.8380578
Q0IIM2,1027819,9913,16.479942,3.3136907
Q01475,1027819,284812,27.142395,11.871503
P51646,1027819,10116,16.456057,3.477294
P40994,1027819,559292,16.445162,3.5258334
P61204,1027819,9606,17.196604,4.2409506
P84078,1027819,10090,17.17863,4.2242284
Q9ZPX1,1027819,3702,15.271393,3.8516407
Q6ID97,1027819,3702,17.043085,4.1058273
O45379,1027819,6239,16.231907,3.5307288
Q8W4C8,1027819,3702,15.823427,3.7965539
P19146,1027819,559292,16.994322,4.082414
Q02804,1027819,559292,16.451687,3.2697985
Q5AND9,1027819,237561,17.164858,4.2096224
P40616,1027819,9606,16.107357,3.9409041
P61205,1027819,10090,17.172178,4.211976
Q9M1P5,1027819,3702,16.997393,4.057682
Q9LIK1,1027819,3702,16.491043,3.4578326
Q9WUL7,1027819,10090,16.072039,3.6376574
P34212,1027819,6239,16.480621,3.3628194
Q9VD29,1027819,7227,27.16213,11.851818
P61750,1027819,10090,16.804235,3.969071
Q96KC2,1027819,9606,16.46585,3.4788046
P62330,1027819,9606,17.381016,2.948803
A0A178UPG8,1027819,3702,16.02613,3.9302287
Q96BM9,1027819,9606,14.9542675,3.8482418
P36405,1027819,9606,16.060642,3.5952425
Q6PBX2,1027819,7955,27.096966,11.917071
Q57VI8,1027819,185431,16.364056,3.4220548
Q7KQL3,1027819,36329,17.053923,4.1104755
P36404,1027819,9606,15.221252,3.856678
F4IZ82,1027819,3702,15.940779,3.7034886
Q9NR31,1027819,9606,27.10288,11.911139
Q4QEJ1,1027819,5664,16.336327,3.4585984
Q06849,1027819,7227,15.269671,3.8493104
A0A1D8PJ64,1027819,237561,16.538868,3.5435383
P84077,1027819,9606,17.198238,4.243606
G5EDC6,1027819,6239,15.029383,3.8380132
Q9CQC9,1027819,10090,27.12216,11.891874
Q9QVY3,1027819,10029,27.110388,11.903672
Q9Y6B6,1027819,9606,27.10196,11.912103
Q9U2S4,1027819,6239,17.349653,2.97723
Q53YD8,1027819,9606,15.27442,3.8706188
Q9Y689,1027819,9606,16.536665,3.4943266
Q9D0J4,1027819,10090,15.228987,3.8702736
Q6P3A9,1027819,10090,16.418009,3.3859653
Q38921,1027819,3702,16.015924,3.9638007
P51644,1027819,8355,16.83825,3.996077
P18085,1027819,9606,16.786903,3.9574454
Q6PC43,1027819,7955,16.295956,3.4651303
Q20758,1027819,6239,16.357649,3.9504163
P51823,1027819,39947,17.054224,4.1138725
Q52NJ5,1027819,9823,16.112896,3.955423
P11983,1027301,10090,7.099041,5.471344
P63039,1027301,10116,9.234092,8.031518
P10809,1027301,9606,9.2331295,8.02752
P87153,1027301,284812,6.975636,5.357411
Q76NU3,1027301,44689,7.5966773,6.3393965
P50991,1027301,9606,7.135697,6.365461
P12613,1027301,7227,7.1187005,5.508671
P0A335,1027301,170187,9.013432,7.9461355
P17987,1027301,9606,7.076307,5.4421287
Q8I0V3,1027301,36329,7.3013244,6.3046556
P42943,1027301,559292,7.02271,5.380767
O02649,1027301,7227,9.160901,7.966547
P31081,1027301,9913,9.181795,7.99016
Q9LV21,1027301,3702,7.119279,6.3906555
P40227,1027301,9606,7.521448,6.286555
Q803B0,1027301,7955,9.176279,7.9747276
Q9VHL2,1027301,7227,6.9594855,5.279715
P80318,1027301,10090,7.2628922,4.7288103
Q5ZL72,1027301,9031,9.259166,8.040296
Q4X1P0,1027301,330879,8.936382,7.771898
Q05972,1027301,1111708,8.941593,7.8788176
P48605,1027301,7227,7.21024,4.706703
Q61390,1027301,10090,7.498972,6.2713366
Q54ES9,1027301,44689,7.016341,4.4593053
P19882,1027301,559292,8.914795,7.73346
P40413,1027301,559292,7.4449773,6.371168
O74261,1027301,237561,8.9149475,7.7203507
Q6NVI6,1027301,7955,7.473116,6.3504453
P78012,1027301,272634,8.675739,7.492971
O97282,1027301,36329,7.259294,6.235955
P80316,1027301,10090,7.4711037,6.313559
Q10147,1027301,284812,7.0178576,4.4843225
O94501,1027301,284812,7.1729574,5.6260734
Q6AYJ7,1027301,10116,7.4962735,6.290784
O77323,1027301,36329,7.0777197,5.688595
Q8II43,1027301,36329,7.1417704,5.689699
Q93ZM7,1027301,3702,8.910887,7.706527
O77622,1027301,9986,7.4959717,6.3040495
Q57YZ8,1027301,185431,7.08777,5.1839323
Q2NKZ1,1027301,9913,7.0065675,5.287312
P80314,1027301,10090,7.931191,2.8490973
P12612,1027301,559292,7.208765,5.7300835
P39076,1027301,559292,6.998508,4.4882407
Q5ZXP3,1027301,272624,8.974612,7.914104
Q9W392,1027301,7227,7.03085,4.4965205
Q3ZBH0,1027301,9913,7.930779,2.8488142
P80315,1027301,10090,7.1207075,6.365375
B3DGX6,1027301,7955,9.689916,5.6280293
P39079,1027301,559292,7.601951,6.305535
P63038,1027301,10090,9.235495,8.030913
P47208,1027301,6239,7.091851,6.3873305
P50140,1027301,6239,8.975541,7.772609
Q9V2T8,1027301,273057,7.412243,6.474874
O04450,1027301,3702,7.4576187,6.3949656
Q37683,1027301,5702,8.881615,7.7226753
Q6FMR2,1027301,284593,8.988102,7.8136616
P21240,1027301,3702,8.996245,7.77251
Q2T9X2,1027301,9913,7.0832725,6.4041686
P29185,1027301,4577,8.957126,7.7677436
O74341,1027301,284812,7.2300925,4.718744
P80313,1027301,10090,6.9852233,5.265869
Q5SLM2,1027301,300852,8.915516,7.823362
Q9VMN5,1027301,7227,8.996344,7.8127475
Q38DP9,1027301,185431,7.0138416,5.3362083
O97247,1027301,36329,7.021836,5.394774
P49368,1027301,9606,7.2512274,4.72741
P39078,1027301,559292,7.1412783,6.348218
Q3T0K2,1027301,9913,7.2337065,4.7423954
P80317,1027301,10090,7.503113,6.235694
P47207,1027301,6239,7.0142937,4.4725413
P39077,1027301,559292,7.1851597,4.841699
Q8JHI7,1027301,7955,7.266984,4.767133
Q55BM4,1027301,44689,7.1802645,5.6593184
P0C923,1027301,224326,8.823359,7.672372
B2ZDY6,1027301,9986,7.110124,5.4627576
Q9VXQ5,1027301,7227,7.557438,6.372054
P78371,1027301,9606,7.929477,2.8508248
Q9KJ23,1027301,257314,8.991067,7.904656
Q9M888,1027301,3702,7.531383,6.321747
P48643,1027301,9606,7.4394155,6.32517
Q5B041,1027301,227321,8.919863,7.741698
Q3MHL7,1027301,9913,7.5130014,6.2765446
C0H5I7,1027301,36329,7.145839,6.160764
Q9LJE4,1027301,3702,8.965057,7.806204
B5X2M8,1027301,8030,7.9309845,2.8477314
P37282,1027301,272623,8.984151,7.923041
P41988,1027301,6239,7.120358,5.538394
Q9V2S9,1027301,273057,7.3746905,6.5199885
B6V9S9,1027301,9986,7.9355564,2.8432343
P47209,1027301,6239,7.509147,6.4016347
O94515,1027301,284812,7.554365,6.228346
P21238,1027301,3702,9.00495,7.8085294
Q38CD4,1027301,185431,7.072549,6.301655
C0Z361,1027301,3702,8.99617,7.8001323
Q99832,1027301,9606,7.00206,5.2331667
Q8IJN9,1027301,36329,8.850229,7.6711435
Q84WV1,1027301,3702,7.2201014,4.815908
P28480,1027301,10116,7.080829,5.443461
B6V9S8,1027301,9986,6.974071,5.254518
P50999,1027301,284812,7.105379,6.4114747
A0A8I6AKB6,794303,10116,9.754491,19.68891
P08311,794303,9606,10.727862,20.377052
Q9ESD1,794303,10090,11.026966,20.841629
P17538,794303,9606,9.806779,19.797691
Q8BJR6,794303,10090,11.035184,20.865627
P32038,794303,10116,10.520634,20.4349
Q9ER05,794303,10090,9.764362,19.508368
P00746,794303,9606,10.654597,20.505543
Q9VRS6,794303,7227,9.610211,19.56504
Q9JM71,794303,10090,10.118383,20.157072
P11032,794303,10090,10.371389,20.32317
P06870,794303,9606,10.411345,20.298897
A0A0U1RNY1,794303,10090,10.182242,20.194756
P15949,794303,10090,10.128481,20.161888
Q61955,794303,10090,10.755554,20.446209
Q8NF86,794303,9606,10.921698,20.715778
P35004,794303,7227,9.582312,19.446495
B5X8S0,794303,8030,10.295295,20.171087
G3UXD0,794303,10090,9.863148,19.096975
Q9W5U8,794303,7227,9.652529,19.825737
A1Z8J8,794303,7227,9.573455,19.507818
Q9D140,794303,10090,10.695675,20.419722
P03953,794303,10090,10.409656,20.338837
Q91X79,794303,10090,9.71246,19.316013
Q9QYN3,794303,10090,10.79924,20.412592
Q920S2,794303,10090,11.045429,20.854544
A1KXI1,794303,40697,9.59886,19.701828
P00762,794303,10116,9.874148,19.096367
P36368,794303,10090,10.310467,20.262587
O60259,794303,9606,10.856382,20.468672
P08218,794303,9606,9.700268,19.368225
Q9R0T7,794303,10090,9.866896,19.124512
O54854,794303,10116,10.534378,20.387796
Q9UBX7,794303,9606,10.8458185,20.370325
Q9VEM8,794303,7227,9.665755,19.894758
P15945,794303,10090,10.125095,20.151628
Q02844,794303,10090,10.553344,20.496502
Q9H2R5,794303,9606,10.806309,20.547935
Q9UKR0,794303,9606,10.796045,20.500795
P83748,794303,10116,11.02697,20.830505
P28293,794303,10090,10.745528,20.421127
Q9VRS7,794303,7227,9.583134,19.552485
P12544,794303,9606,10.274112,20.26693
G3V8H1,794303,10116,10.306337,20.23879
Q6UWY2,794303,9606,10.931788,20.714308
P35030,794303,9606,10.62897,20.423946
P49863,794303,9606,10.314107,20.30923
P04814,794303,7227,9.583629,19.438026
L0C9D3,794303,1268697,7.5837336,7.164647
Q16651,794303,9606,11.061846,20.873747
E9Q409,794303,10090,11.069235,20.880997
Q99MS4,794303,10090,10.922787,20.766123
P00763,794303,10116,9.90124,19.081629
Q80X17,794303,10090,11.066809,20.88202
Q80UR4,794303,10090,11.025443,20.837584
P00757,794303,10090,10.144731,20.16646
P00766,794303,9913,9.731188,19.648144
A0A0U1RP84,794303,10090,10.484196,20.341787
Q9VRS3,794303,7227,9.5190735,19.526896
P15948,794303,10090,10.166977,20.186033
P36369,794303,10090,10.390428,20.311459
Q9VMX8,794303,7227,9.672789,19.863546
P52905,794303,7227,9.639024,19.88355
P07288,794303,9606,10.595221,20.388073
B9EJ35,794303,10090,9.894256,19.071793
P42280,794303,7227,9.657796,19.889126
P40313,794303,9606,9.745125,19.58092
Q9BZJ3,794303,9606,10.969529,20.739231
Q9VEM9,794303,7227,9.700659,19.929806
Q9Y337,794303,9606,10.711735,20.395418
O88301,794303,10090,10.538883,20.383734
Q792Z1,794303,10090,9.86675,19.084929
Q792Z0,794303,10090,9.86549,19.153563
Q9Y5K2,794303,9606,10.840737,20.42747
P08861,794303,9606,9.912159,19.245909
Q792Y9,794303,10090,9.872346,19.111038
P42278,794303,7227,9.6233225,19.88678
Q9CPN9,794303,10090,9.817989,19.109919
P00755,794303,10090,10.220547,20.225088
Q9D7Y7,794303,10090,9.809985,19.102026
Q6IE12,794303,10116,10.8630495,20.423103
Q8R1A6,794303,10090,11.068652,20.884048
P49864,794303,10116,10.323982,20.31122
Q80WM7,794303,10090,10.982789,20.753017
P05208,794303,10090,9.680154,19.34714
B4E2H2,794303,9606,9.633053,4.8308887
P09093,794303,9606,9.934413,19.296783
A0A0B6VLS7,794303,10090,10.545199,20.408407
Q15661,794303,9606,10.719443,20.652462
Q8CGR6,794303,10090,10.640524,20.44053
Q6GPI1,794303,9606,9.93059,19.88942
P35005,794303,7227,9.630037,19.862444
Q6ISP9,794303,9606,9.660302,19.402222
Q91VE3,794303,10090,10.490156,20.364126
Q9ES87,794303,10116,11.046528,20.864853
Q9VQ97,794303,7227,9.660996,19.8718
Q9UKR3,794303,9606,10.7673025,20.49835
P00761,794303,9823,9.814944,19.084433
Q9CQ52,794303,10090,9.924313,19.284649
Q92876,794303,9606,10.722878,20.456364
A2RTV1,801946,10090,6.1278267,21.434437
P70124,801946,10090,-2.2062616,0.36555398
P05154,801946,9606,6.078187,21.386702
Q8BHL1,801946,10090,-2.1470788,0.4182895
Q7QIJ8,801946,7165,-1.03898,16.716896
Q9UIV8,801946,9606,-2.1180596,0.4392314
P35577,801946,10116,5.8679605,21.16258
Q06770,801946,10090,6.0970488,21.408403
Q9VLZ8,801946,7227,-1.0682886,16.687609
Q00898,801946,10090,5.817888,21.108875
D3Z450,801946,10090,6.111892,21.422283
Q9D1Q5,801946,10090,-2.1754916,0.39041138
Q61247,801946,10090,6.0028596,21.296745
G3V7A3,801946,10116,-1.00177,16.753899
Q9JK88,801946,10090,-1.0161157,16.739298
P48595,801946,9606,-2.181672,0.38433778
Q9JLD2,801946,10116,0.55872285,6.411748
Q3TJ69,801946,10090,-2.0084438,0.53102356
A0A8I6AQI7,801946,10116,6.0097294,21.29409
P29621,801946,10090,6.0186877,21.32403
Q7TMF5,801946,10090,6.1185637,21.432142
Q90935,801946,9031,0.55513984,6.385596
Q03734,801946,10090,6.093179,21.402906
P08185,801946,9606,5.9625497,21.263868
P05121,801946,9606,-0.917016,16.83855
P22777,801946,10090,-0.9598819,16.79595
O73790,801946,9031,-2.2107306,0.3590904
Q9U5W8,801946,7227,-1.0553514,16.699888
Q9S7T8,801946,3702,-2.1831424,0.38320705
P35237,801946,9606,-1.5793053,0.86447453
A1Z6V5,801946,7227,-1.0303015,16.724945
Q6UKZ2,801946,10090,-2.1927352,0.3724699
Q5I2A0,801946,10090,6.154884,21.465517
O35684,801946,10090,0.55890226,6.386828
P20961,801946,10116,-0.9838959,16.772137
Q8K3K4,801946,10116,-2.2606952,0.3128264
P09006,801946,10116,6.087468,21.398682
P07759,801946,10090,6.0738683,21.383717
P48594,801946,9606,-2.0921168,0.45910525
Q80X76,801946,10090,6.1140046,21.421352
Q9D154,801946,10090,-1.6226785,0.8184677
Q8IW75,801946,9606,6.13843,21.45209
Q3ZEJ6,801946,9913,6.0955586,21.40666
Q9V3N1,801946,7227,-1.0135216,16.741976
Q66HL5,801946,10116,6.13747,21.451555
Q0E8C8,801946,7227,-1.0547556,16.70067
Q5SV42,801946,10090,-1.8352598,0.6557989
P29508,801946,9606,-2.0081112,0.5412987
P30740,801946,9606,-1.6215128,0.8201232
P13909,801946,9913,-0.91840184,16.840235
O17365,801946,6239,-1.1038758,16.65245
Q9TTE1,801946,9913,6.1297555,21.44125
Q86WD7,801946,9606,5.8768597,21.175385
A0A0G2JSK1,801946,10116,6.110862,21.42254
G3V6B5,801946,10116,-2.2777884,0.30149564
Q96P63,801946,9606,-2.2333825,0.33692032
Q00897,801946,10090,5.819398,21.109848
Q80UK5,801946,10090,-1.9662516,0.5573658
P05120,801946,9606,-2.2771273,0.2964829
P12388,801946,10090,-2.2791848,0.29600585
O08804,801946,10090,-1.5938146,0.84819114
P29622,801946,9606,6.10047,21.412138
P29524,801946,10116,-2.2869952,0.28654265
P70458,801946,10090,6.169639,21.48457
P05543,801946,9606,5.840031,21.134405
E9KL23,801946,9606,5.794509,21.08349
P01011,801946,9606,5.8368864,21.12993
Q9U1I7,801946,7227,-1.0704614,16.685724
Q7JV69,801946,7227,-1.0915499,16.664778
Q5M7T5,801946,10116,-0.9654555,16.784624
P01014,801946,9031,-2.176326,0.39082286
P01008,801946,9606,-1.0108657,16.73945
Q9VII7,801946,7227,-1.1186377,16.637083
Q00896,801946,10090,5.8113456,21.101952
F1QRB8,801946,7955,-0.98352087,16.772991
P50452,801946,9606,-1.6150998,0.8256493
Q920J5,801946,10116,-2.3067496,0.27252617
Q9D1E7,801946,10090,-2.1730583,0.39248958
Q8R4Z1,801946,10116,6.103427,21.417385
P01009,801946,9606,5.764539,21.051895
P36952,801946,9606,-2.2170944,0.35437962
A0A024QZT4,801946,9606,-1.6198155,0.82023054
O75830,801946,9606,-0.99301356,16.762688
Q7KA66,801946,7227,-1.039641,16.716312
Q07235,801946,10090,-1.0142177,16.74226
Q6P217,801946,10090,-1.9865085,0.55087626
P32261,801946,10090,-0.99733055,16.754597
Q8VHP7,801946,10090,-1.6293536,0.8130303
Q3U1B7,801946,10090,6.16768,21.47996
O75635,801946,9606,-2.3070045,0.27258626
P07093,801946,9606,-1.0095881,16.746756
A8WGQ0,801946,7955,-0.9815488,16.775059
P01012,801946,9031,-2.240676,0.33374113
P07758,801946,10090,5.7695823,21.057228
Q60854,801946,10090,-1.6084917,0.8347275
P08697,801946,9606,6.001434,21.28822
Q9D7P9,801946,10090,-2.269149,0.3060552
F7EMJ6,801946,10116,6.1847463,21.504221
O08797,801946,10090,-1.9628667,0.56396425
V9HWH1,801946,9606,-1.6232808,0.81869817
Q21917,807520,6239,15.485324,9.669255
O95837,807520,9606,15.478712,9.730764
Q6Q7Y5,807520,10116,12.8161125,6.275162
W5U7I9,807520,7998,14.520034,10.3587265
P34043,807520,44689,14.702698,10.203231
P18872,807520,10090,14.011411,6.896748
P50149,807520,10090,15.16392,8.827237
P63092,807520,9606,14.478121,10.396237
Q7SXK0,807520,7955,8.892965,6.141193
Q00743,807520,227321,13.982357,6.879745
P63094,807520,10090,14.520267,10.353477
Q0DJ33,807520,39947,14.540867,10.315381
P63096,807520,9606,14.040769,6.9443154
Q54R41,807520,44689,14.621533,10.262637
P08754,807520,9606,14.025202,6.92932
Q14344,807520,9606,12.826503,6.283592
B2RSH2,807520,10090,13.999628,6.903259
Q05337,807520,7227,14.475989,10.330559
G1TRG8,807520,9986,13.971868,6.8592057
P21278,807520,10090,15.490238,9.764923
O88302,807520,10116,15.253877,9.916232
P04695,807520,9913,15.159504,8.881988
P28052,807520,6239,15.1841345,8.896884
O76584,807520,6239,14.550239,10.312656
P82471,807520,10116,15.533661,9.726963
P10823,807520,559292,14.433966,10.37906
Q3V3I2,807520,10090,15.135857,8.8071575
P09471,807520,9606,14.01259,6.9000163
P63097,807520,9913,14.010167,6.9149485
P38408,807520,9913,15.46948,9.720369
G5EF72,807520,6239,14.593054,10.3287115
W5UI00,807520,7998,15.495383,9.786714
P19086,807520,9606,15.468431,9.739658
O70443,807520,10090,15.46029,9.748566
Q93743,807520,6239,14.552477,10.306077
P27584,807520,284812,14.450298,10.291748
A8MTJ3,807520,9606,15.077116,8.779044
Q63210,807520,10116,12.8050165,6.249234
P21279,807520,10090,15.504481,9.744713
P04696,807520,9913,15.146857,8.804805
P08752,807520,10090,13.987394,6.8787026
P34045,807520,44689,14.512281,10.346942
P16894,807520,44689,15.15358,8.908947
Q9BIG4,807520,6239,14.552185,10.299667
Q9DG28,807520,9031,15.225316,8.92128
P34042,807520,44689,14.76845,10.1870775
P19087,807520,9606,15.151985,8.821061
P19627,807520,10116,15.4860325,9.712509
P38400,807520,9615,13.99646,6.8899307
P04897,807520,10116,13.974889,6.865953
P20612,807520,10090,15.206238,8.8952465
P29992,807520,9606,15.509578,9.750611
Q9BIG5,807520,6239,15.441104,9.577535
G1SEJ8,807520,9986,14.002611,6.931665
W5ULY8,807520,7998,14.008653,6.9193654
P27600,807520,10090,12.867009,6.3099747
Q9N2V6,807520,6239,15.32196,9.1797085
Q90846,807520,9031,14.04386,6.9596643
Q9PW35,807520,36307,8.920302,6.1394525
P16051,807520,44689,14.70168,10.205199
P20353,807520,7227,14.087749,7.0399814
Q04665,807520,284812,14.565457,10.302729
P22454,807520,6239,14.761975,10.140427
P38405,807520,9606,14.5502405,10.336437
P30678,807520,10090,15.327425,9.861617
Q4VBH5,807520,7955,12.819602,6.2781324
P27601,807520,10090,12.819579,6.278138
Q7KPV0,807520,6239,14.608548,10.271485
D3ZSS5,807520,10116,15.220487,8.872869
A4FVJ5,807520,7955,12.824117,6.2808166
P25157,807520,7227,14.449599,10.328549
P29348,807520,10116,15.124432,8.804617
G5EGU1,807520,6239,15.566746,9.820623
Q9JID2,807520,10116,15.490504,9.783084
E9QQM8,807520,330879,15.045388,8.700532
P16378,807520,7227,13.940514,6.8288417
Q5YKG3,807520,7955,12.81682,6.271758
W5U9Q0,807520,7998,14.058166,6.9678807
P51875,807520,6239,13.935193,6.82225
P30679,807520,9606,15.295367,9.885604
P0C7Q4,807520,9913,15.134275,8.811004
Q8RYB4,807520,4787,15.212945,9.500769
Q19572,807520,6239,15.465973,9.756378
P04899,807520,9606,14.024277,6.915076
P38409,807520,9913,15.522825,9.772343
Q5AK05,807520,237561,14.396814,10.406783
P20354,807520,7227,14.491866,10.398197
P11488,807520,9606,15.266128,8.952448
F1P3R0,807520,9031,15.115725,8.780451
Q18434,807520,6239,15.144333,8.913207
P50148,807520,9606,15.521006,9.739079
C4M483,807520,294381,14.541958,10.324218
P08753,807520,10116,14.024808,6.937859
P63095,807520,10116,14.532504,10.376576
P91907,807520,6239,14.676419,10.223121
P45645,807520,9103,15.485846,9.743054
P08539,807520,559292,14.44196,10.3709955
Q90WX5,807520,7955,15.165367,8.86038
D4AA42,807520,10116,15.166321,8.848397
P18064,807520,3702,14.527586,10.309314
C6KSL1,136254,36329,-10.848697,5.5879474
Q9NFB2,136254,36329,-11.378152,5.550327
Q8I4N9,136254,36329,-10.978449,5.025531
Q8IIZ7,136254,36329,-10.853567,5.644776
Q8I0G7,136254,36329,-11.065501,6.7681413
O96109,136254,36329,-10.597066,5.50712
Q8IK35,136254,36329,-11.059473,6.784435
Q8IJ06,136254,36329,-10.927498,5.450591
Q8IK40,136254,36329,-11.059883,6.766191
Q8IM82,136254,36329,-11.046152,5.679306
C0H4Q7,136254,36329,-11.367463,5.5355945
Q8IM80,136254,36329,-10.9613695,6.8497534
Q8IJ05,136254,36329,-11.1331415,6.8375278
Q8IK36,136254,36329,-10.934524,5.727205
O97326,136254,36329,-11.328252,5.573696
Q8IC49,136254,36329,-11.062027,5.0266323
Q8IK38,136254,36329,-11.0169735,5.306344
Q8I2C1,136254,36329,-10.846341,5.6825967
Q8I2E7,136254,36329,-11.223017,5.370174
Q8IFK9,136254,36329,-11.070689,5.091883
Q8I210,136254,36329,-11.020321,5.047816
Q8I1V4,136254,36329,-11.071376,5.2311993
Q8IM84,136254,36329,-10.781468,5.2670207
Q8I2E5,136254,36329,-10.982388,5.461377
Q8I2E6,136254,36329,-11.392853,5.575498
Q8I4P7,136254,36329,-11.086254,6.744288
C6KTF2,136254,36329,-11.088577,5.5617285
Q8I3D2,136254,36329,-10.977914,5.5135703
Q8I216,136254,36329,-10.879043,5.7625165
Q8IEU7,136254,36329,-11.069904,5.051368
Q8I3D9,136254,36329,-10.82896,5.7450166
Q9NFB3,136254,36329,-11.02509,5.3578596
C6KSL2,136254,36329,-11.026807,5.4344344
Q8I3E2,136254,36329,-10.771705,5.2766957
B9ZSH6,136254,36329,-10.964415,5.277917
Q8IEU8,136254,36329,-10.806412,5.320056
Q8IAK4,136254,36329,-10.962995,5.8461413
Q8IM83,136254,36329,-11.067592,6.765517
Q8IBE4,136254,36329,-10.803375,5.619379
Q9NFB5,136254,36329,-10.621192,5.3066797
Q8IK34,136254,36329,-11.159211,5.564581
Q8IK41,136254,36329,-11.041787,5.380823
O96293,136254,36329,-11.066752,6.7739816
C6KTF6,136254,36329,-10.848009,5.8506513
Q8I214,136254,36329,-10.730826,5.307869
Q9NFA9,136254,36329,-10.778044,5.2633386
Q8IHM3,136254,36329,-11.100634,5.48491
Q8IJ04,136254,36329,-10.846716,5.274458
C6KSK9,136254,36329,-10.80815,5.763408
Q8IK42,136254,36329,-11.108796,6.6327095
Q8IFQ3,136254,36329,-11.374046,5.5701675
Q9NFB0,136254,36329,-10.760068,5.190511
Q8I641,136254,36329,-11.179056,6.587173
Q8I2C5,136254,36329,-10.842351,5.6740837
Q8I4P0,136254,36329,-10.922292,5.148493
O96292,136254,36329,-10.623999,5.273178
Q8I1V5,136254,36329,-11.252352,5.389801
O97327,136254,36329,-11.0972,5.33928
Q8I4P5,136254,36329,-10.91539,5.3506784
Q8I082,136254,36329,-10.808257,5.782853
C6KTF0,136254,36329,-11.037634,6.712629
Q8IFK8,136254,36329,-10.642229,5.3346553
Q8IHM5,136254,36329,-10.974296,6.8455443
Q8I3E4,136254,36329,-11.005389,5.6620545
Q8IM85,136254,36329,-10.9554825,5.764027
Q8I219,136254,36329,-10.899265,5.804964
Q8I217,136254,36329,-10.943713,5.5964003
Q8I4N7,136254,36329,-11.05421,6.787488
Q8I4P3,136254,36329,-10.83818,5.815908
Q8I2B9,136254,36329,-11.060615,6.7990603
Q8IBW6,136254,36329,-11.100864,5.10286
Q8IHM1,136254,36329,-10.82723,5.273243
Q8IJ02,136254,36329,-10.951661,5.365267
Q8IIZ3,136254,36329,-10.801093,5.308125
Q8I212,136254,36329,-11.132663,5.636607
Q8IHM2,136254,36329,-10.626609,5.1882915
Q8IJ01,136254,36329,-10.884566,6.93951
C6KTF4,136254,36329,-10.959741,5.579213
Q8I2C7,136254,36329,-11.110518,6.7112393
Q8I4P2,136254,36329,-11.331968,5.4603143
Q8I0E0,136254,36329,-10.951111,5.739072
O96113,136254,36329,-10.924464,5.826257
Q8IEU6,136254,36329,-11.075255,6.775164
Q8I4N6,136254,36329,-10.799507,5.185869
Q8IIY3,136254,36329,-11.003486,5.0711265
O96289,136254,36329,-10.949779,5.3630924
Q8IIZ8,136254,36329,-11.090236,6.7454243
O96288,136254,36329,-10.990852,6.8397207
O96295,136254,36329,-10.628008,5.3243613
Q8IJ00,136254,36329,-11.025407,6.8185787
Q8I494,136254,36329,-10.893506,5.411461
Q8IBD9,136254,36329,-10.66748,5.2126427
Q8IIY5,136254,36329,-10.693953,5.2675962
O96116,136254,36329,-10.981108,6.832431
Q8IIZ2,136254,36329,-11.101641,5.0471773
Q8I3E1,136254,36329,-11.034448,6.8041244
C6KTF8,136254,36329,-10.804247,5.6671576
Q8IIZ9,136254,36329,-10.882957,5.9293637
C6KTF5,136254,36329,-11.396255,5.4952893
C0H4Q5,136254,36329,-10.923526,5.5983076
Q1L8X9,801563,7955,0.8424951,8.372188
Q5W8I8,801563,7955,0.8418059,8.38593
Q7TSF2,801563,10116,0.7993647,8.421125
Q9FKV1,801563,3702,0.75712305,8.297413
O74921,801563,284812,2.1225214,9.375239
A0A1L1SUV7,801563,10090,0.9110908,7.7844777
F4JMQ7,801563,3702,0.9828486,7.215651
Q62634,801563,10116,0.78134155,8.377133
D3Z5L6,801563,10090,-0.16632344,8.149972
Q6FJH4,801563,284593,1.782905,9.699797
Q8GX78,801563,3702,0.9267905,7.411429
Q8BLE7,801563,10090,0.8454558,8.414651
B0JYP2,801563,9913,0.63007116,6.636487
Q9GNP0,801563,6239,0.72484773,8.057386
Q9D2V8,801563,10090,0.5294024,6.8143945
P38125,801563,559292,1.749811,9.738589
Q9VPX2,801563,7227,0.7212885,8.477878
Q8IVW8,801563,9606,0.5926011,6.6360803
Q62795,801563,10116,0.4109142,8.577823
O74395,801563,284812,1.4951108,9.938189
Q6NY67,801563,7955,0.9101242,7.760231
Q9C5L3,801563,3702,0.6394393,7.970398
Q7ZU13,801563,7955,0.36101487,7.83144
Q9JI12,801563,10116,0.8590537,8.383253
O00476,801563,9606,0.38428736,8.582757
O74901,801563,284812,2.1258557,9.346774
Q9GQQ0,801563,7227,0.62962174,7.987813
O43826,801563,9606,0.96413314,7.7121744
P13090,801563,559292,1.5776945,9.883078
O59700,801563,284812,1.6923332,9.816911
Q86B08,801563,44689,2.167826,9.318896
Q91VM4,801563,10090,0.58434916,6.6457553
Q9VKC9,801563,7227,0.717328,8.488043
Q7XJR2,801563,3702,0.894592,7.7776437
Q9P2U8,801563,9606,0.7846803,8.383208
Q9VS51,801563,7227,0.6860372,7.9413943
Q27963,801563,9913,0.62540454,6.6435347
O94607,801563,284812,1.573531,9.866008
Q6ZMD2,801563,9606,-0.12768887,7.953689
Q94BZ1,801563,3702,2.0172064,9.419777
Q8R090,801563,10090,0.63011307,6.7404137
Q9SL56,801563,3702,0.60026664,7.982905
Q10072,801563,284812,1.6630818,9.825575
O35304,801563,10090,1.959182,9.303036
Q3TXX4,801563,10090,0.76286685,8.425309
Q6FQ03,801563,284593,1.689592,9.821531
O00624,801563,9606,0.40678015,8.555187
P53283,801563,559292,1.7136942,9.805548
Q8BH31,801563,10090,0.8160482,7.1870666
Q01818,801563,10116,0.6281156,6.7404857
E9PTR8,801563,10116,0.41029125,8.5869
O82390,801563,3702,0.9296277,7.557193
Q06451,801563,559292,1.6749672,9.836312
Q8R0G7,801563,10090,0.14686105,7.868655
Q12256,801563,559292,1.7080393,9.802131
P25351,801563,559292,2.051766,9.434479
P34711,801563,6239,2.0180163,9.263962
Q9H2V7,801563,9606,0.19198611,7.8778124
Q8RWN2,801563,3702,1.9921517,9.428941
Q16572,801563,9606,1.9331726,9.283442
Q38DC2,801563,185431,2.0363371,9.362648
Q3EAQ5,801563,3702,2.0035255,9.425465
Q9SB41,801563,3702,0.67442775,8.00157
P53389,801563,559292,1.6079959,9.84749
Q8CJH9,801563,10116,0.4171926,8.571571
Q2PJ91,801563,6239,0.6799071,8.505841
Q3E9A0,801563,3702,0.87786,7.863184
Q8BFU8,801563,10090,0.8252598,8.38237
Q14728,801563,9606,0.5590953,6.7073755
Q8NHS3,801563,9606,0.8290626,7.125711
Q6FKK2,801563,284593,1.7392992,9.762192
Q01827,801563,10116,0.6443933,6.6357803
Q9VQC0,801563,7227,0.8764957,8.427793
Q86P76,801563,7227,0.9039542,8.444668
P34644,801563,6239,0.89668167,8.441238
Q05940,801563,9606,0.63122964,6.6485424
P54219,801563,9606,0.63199216,6.7541165
Q8MRP7,801563,7227,0.6080965,8.563122
Q9T050,801563,3702,1.0069293,7.231334
Q9SA71,801563,3702,0.635739,7.991598
O17444,801563,7227,1.9953461,9.252418
A0A0G2JTY3,801563,10116,0.8997357,7.792539
Q9P2U7,801563,9606,0.781804,8.4006605
Q8BRU6,801563,10090,0.66812265,6.6501064
Q9D1F9,801563,10090,0.93639,7.7441826
O94343,801563,284812,1.574488,9.865389
O74902,801563,284812,2.15619,9.363956
Q14916,801563,9606,0.4340839,8.5897
Q03263,801563,559292,1.5996915,9.865295
Q6NT16,801563,9606,-0.20268857,8.157111
O23596,801563,3702,0.6179478,7.9731956
Q9Y2C5,801563,9606,0.37338156,8.529848
Q57YC1,801563,185431,2.0684645,9.337806
Q9Z295,801563,10090,0.9055803,7.7869973
Q870L3,801563,227321,1.4794836,9.921862
Q5CZP4,801563,7955,0.6458388,6.731709
Q8IH57,801563,7227,0.7251499,8.032088
Q4WHE1,801563,330879,1.5130008,9.920587
Q66GI9,801563,3702,0.8804077,7.9204016
Q12519,801563,284812,2.1412957,9.33447
Q05144,802052,10090,8.612069,-0.61051667
Q01112,802052,284812,9.400643,-0.7097588
Q94124,802052,6239,9.521319,-0.7727897
P06781,802052,559292,11.001857,-0.54733956
Q9ER71,802052,10090,10.472429,-0.5613655
Q9GPS0,802052,44689,11.271659,-0.51810503
A0A1D8PH96,802052,237561,11.128701,-0.49620283
P34145,802052,44689,9.192433,-0.55314463
O13928,802052,284812,11.054553,-0.52344763
Q9H4E5,802052,9606,10.48943,-0.5566611
Q9UBK7,802052,9606,11.244914,5.055853
P06780,802052,559292,9.603769,-0.5292708
O93466,802052,9031,8.529719,-0.59843445
B2RYP0,802052,10116,7.7515297,12.842743
Q41253,802052,3635,9.983322,-0.6616329
Q6DHM9,802052,7955,7.77046,12.832827
G1MTS2,802052,9103,7.6414466,12.711858
P97348,802052,10090,10.980219,-0.53682864
P19073,802052,559292,9.367573,-0.6980621
P60766,802052,10090,9.2190695,-0.612061
A0A1D8PDV5,802052,237561,10.781221,-0.5768863
P0CY33,802052,237561,9.317264,-0.6581035
O42825,802052,237561,9.53655,-0.5044684
P62745,802052,9606,7.8027973,12.848293
Q9XGU0,802052,3702,10.337662,-0.6291656
Q9SWE8,802052,3635,9.886659,-0.65484846
P34144,802052,44689,9.283407,-0.53574836
Q22038,802052,6239,7.6613536,12.732979
Q9JJL4,802052,10116,10.338603,-0.5271722
P84095,802052,9606,9.464482,-0.81864077
M0R5T4,802052,10116,9.466814,-0.7065948
P34146,802052,44689,9.412303,-0.57092917
Q4WWL5,802052,330879,9.362282,-0.67222404
Q10133,802052,284812,10.756822,-0.61249906
Q6ZHA3,802052,39947,9.855616,-0.69106466
Q24816,802052,5759,10.426179,-0.6190522
Q62159,802052,10090,7.7508082,12.811713
G5EBV3,802052,6239,9.401608,-0.69950473
P62998,802052,9913,8.517311,-0.58799446
P92978,802052,3702,9.879171,-0.66597354
P62746,802052,10090,7.7862177,12.83252
Q7ZSZ9,802052,7955,8.508751,-0.5842174
Q23862,802052,44689,11.161061,-0.5055502
P48554,802052,7227,8.553126,-0.60518575
P40792,802052,7227,8.547128,-0.6040568
Q24192,802052,7227,11.035465,-0.53880274
Q9GPS3,802052,44689,10.027323,-0.647634
P60764,802052,10090,8.518091,-0.5760957
A0A8I6A1P8,802052,10116,9.28392,-0.75529397
Q9SBJ6,802052,3702,9.921313,-0.6703321
F1CG58,802052,9103,7.6424932,12.713389
Q9QUI0,802052,10090,7.656755,12.730848
P15153,802052,9606,8.5790205,-0.6079592
P34148,802052,44689,9.476236,-0.6280713
Q8R527,802052,10090,10.3285475,-0.5420871
O82481,802052,3702,10.401535,-0.64161247
O82480,802052,3702,10.375165,-0.6609722
P61586,802052,9606,7.616179,12.686642
Q803F2,802052,7955,9.511487,-0.8127953
P48148,802052,7227,7.6414456,12.710237
Q38919,802052,3702,9.891146,-0.6394041
Q38903,802052,3702,10.077145,-0.67670935
G1SY93,802052,9986,9.797254,-0.6410161
Q9C3Y4,802052,227321,7.673158,12.742341
V9HWD0,802052,9606,10.342743,-0.5493697
P84096,802052,10090,9.479885,-0.84023535
P63000,802052,9606,8.500757,-0.5801417
P17081,802052,9606,10.3099575,-0.5271252
E9Q9D5,802052,10090,11.224921,5.070987
Q6Z808,802052,39947,10.355612,-0.6495255
Q9SU67,802052,3702,10.369537,-0.655996
Q7JWS8,802052,7227,9.356699,-0.8015051
Q6PFU4,802052,7955,9.228916,-0.6162379
O96390,802052,44689,9.943533,-0.6436002
P60763,802052,9606,8.56133,-0.6245147
Q9HE04,802052,284812,9.576728,-0.5623225
O93467,802052,9031,7.639393,12.710833
Q24814,802052,5759,9.472191,-0.62834543
Q38912,802052,3702,9.866271,-0.6630984
P61589,802052,10116,7.6387973,12.711076
A9JRY8,802052,7955,8.496408,-0.5717818
P08134,802052,9606,7.807685,12.867075
Q9SSX0,802052,39947,10.402145,-0.65124506
O62422,802052,6239,11.198063,-0.52925336
Q9UNT1,802052,9606,11.238441,5.0639596
P40793,802052,7227,9.23108,-0.5991733
Q00245,802052,559292,11.176108,-0.4819948
Q874R1,802052,284812,10.823255,-0.5831691
Q9GPR7,802052,44689,11.15784,-0.49576804
O00212,802052,9606,10.9404125,-0.5308954
P60953,802052,9606,9.221078,-0.62150544
Q0PZE6,802052,3635,10.392747,-0.65534824
E9RB80,802052,330879,11.083465,-0.5440983
Q38902,802052,3702,9.901636,-0.6540286
G5EAY4,802052,227321,9.345136,-0.66050184
Q6FQ78,802052,284593,9.682483,-0.5400874
P34149,802052,44689,9.88816,-0.63036305
Q38937,802052,3702,9.850184,-0.6898828
Q09914,802052,284812,9.488878,-0.530902
Q03206,802052,6239,8.591277,-0.62106043
